step,transactionType,amount,initiator,oldBalInitiator,newBalInitiator,recipient,oldBalRecipient,newBalRecipient,isFraud
0,TRANSFER,19824.96,4537027967639631,187712.18,167887.22,4875702729424478,8.31,19833.27,1
0,PAYMENT,598.97,4296267625767470,8.92,8.92,25-0000401,0,0,0
0,PAYMENT,545.85,4178224023847746,93.6,-452.25,13-0001587,0,545.85,0
0,TRANSFER,19847.01,4178224023847746,-452.25,-20299.26,4096920916696293,4011.72,23858.74,1
0,PAYMENT,546.89,4779013371563747,159148.76,158601.88,75-0003564,0,546.89,0
0,TRANSFER,16973.75,4779013371563747,158601.88,141628.12,4593247015015219,54.33,17028.08,1
0,PAYMENT,659.02,4479448076398077,261950.48,261291.46,11-0003866,0,659.02,0
0,TRANSFER,21103.99,4479448076398077,261291.46,240187.47,4649550475321678,19.63,21123.63,1
0,PAYMENT,648.89,4587942659105635,4808.94,4160.05,64-0008405,0,648.89,0
0,TRANSFER,16908.07,4587942659105635,4160.05,4160.05,4863167876028593,66.12,66.12,1
0,PAYMENT,586.53,4978866660478516,78413.4,77826.87,48-0008930,0,586.53,0
0,TRANSFER,23715.64,4978866660478516,77826.87,54111.24,4822936618475944,14691.67,38407.31,1
0,PAYMENT,495.68,4801014238577179,45.5,45.5,37-0004271,0,0,0
0,PAYMENT,620.5,4488893430580853,10.72,-609.77,91-0008198,0,620.5,0
0,TRANSFER,19665.08,4488893430580853,-609.77,-20274.86,4622593723010843,90.11,19755.19,0
0,PAYMENT,540.54,4901579220413913,18.32,18.32,39-0003317,0,0,0
0,PAYMENT,667.43,4316485424287450,88.26,88.26,82-0009681,0,0,0
0,PAYMENT,553.88,4650682297358871,2.85,2.85,98-0007701,0,0,0
0,PAYMENT,539.45,4027080679593395,89.88,89.88,84-0009766,0,0,0
0,PAYMENT,578.71,4781213214714848,24141.2,23562.49,63-0003973,0,578.71,0
0,TRANSFER,18533.84,4781213214714848,23562.49,5028.65,4663047917704976,68.34,18602.18,1
0,PAYMENT,538.49,4746449533069761,68.53,68.53,94-0004312,0,0,0
0,PAYMENT,545.49,4644738396150616,76.33,76.33,98-0006097,0,0,0
0,PAYMENT,1069.16,4457574559953421,38.59,38.59,56-0002772,0,0,0
0,PAYMENT,537.64,4120037473988300,319040.76,318503.12,65-0001625,0,537.64,0
0,TRANSFER,21966.03,4120037473988300,318503.12,296537.08,4187906273321880,26.32,21992.36,1
0,PAYMENT,563.35,4316656901873190,74.65,74.65,37-0003607,0,0,0
0,PAYMENT,697.48,4223078546024950,64.62,-632.85,73-0003432,0,697.48,0
0,TRANSFER,74145.41,4223078546024950,-632.85,-632.85,4840197438076267,11.96,11.96,1
0,PAYMENT,596.19,4799013284929379,19836.48,19240.28,26-0009904,0,596.19,0
0,TRANSFER,23981.81,4799013284929379,19240.28,19240.28,4792446526809487,2020.97,2020.97,1
0,PAYMENT,498.01,4534188799785431,78.75,-419.26,57-0004379,0,498.01,0
0,TRANSFER,20384.54,4534188799785431,-419.26,-20803.8,4349554643613910,74.6,20459.14,1
0,PAYMENT,583.18,4358487712326387,71.46,-511.71,20-0001238,0,583.18,0
0,TRANSFER,17259.03,4358487712326387,-511.71,-17770.74,4190557130027452,7.69,17266.72,0
0,PAYMENT,628.92,4024366860337913,56.51,56.51,43-0002124,0,0,0
0,PAYMENT,544.03,4494721459387110,67.29,67.29,06-0002283,0,0,0
0,PAYMENT,604.14,4058343659073875,19.01,19.01,16-0002160,0,0,0
0,PAYMENT,553.67,4563748698771628,76.62,76.62,35-0009755,0,0,0
0,PAYMENT,597.27,4391352014947059,65.04,65.04,00-0007730,0,0,0
0,PAYMENT,551.29,4036129746264552,5.44,5.44,10-0001898,0,0,0
0,PAYMENT,562.91,4370218969874769,53.34,-509.57,74-0009041,0,562.91,0
0,TRANSFER,23534.88,4370218969874769,-509.57,-24044.45,4679563604444942,66.04,23600.92,1
0,PAYMENT,778.66,4624368626679079,314823.17,314044.5,12-0008816,0,778.66,0
0,TRANSFER,17023.68,4624368626679079,314044.5,297020.83,4249133990410716,4.74,17028.42,0
0,PAYMENT,553.88,4834746595315856,9.99,9.99,20-0005759,0,0,0
0,PAYMENT,602.25,4695579523490592,1202.7,600.45,00-0003843,0,602.25,0
0,TRANSFER,17298.25,4695579523490592,600.45,-16697.8,4265440236177150,28786.51,46084.76,0
0,PAYMENT,561.31,4115767307958965,48.19,48.19,91-0004262,0,0,0
0,PAYMENT,557.98,4562342678813070,46.66,-511.32,60-0005866,0,557.98,0
0,TRANSFER,23508.81,4562342678813070,-511.32,-24020.14,4921776471705635,28.32,23537.13,0
0,PAYMENT,598.24,4907656508851248,43.7,-554.54,92-0002492,0,598.24,0
0,TRANSFER,17108.16,4907656508851248,-554.54,-17662.7,4270323950663436,24401.97,41510.13,1
0,PAYMENT,543.23,4699703976325099,66.09,66.09,68-0006019,0,0,0
0,PAYMENT,581.23,4614817566266380,61.97,-519.26,31-0005887,0,581.23,0
0,TRANSFER,57668.05,4614817566266380,-519.26,-58187.31,4858633926331672,22.07,57690.12,1
0,PAYMENT,542.48,4836407825782633,20239.64,19697.16,40-0004212,0,542.48,0
0,TRANSFER,17572.83,4836407825782633,19697.16,2124.34,4173078348770206,87.35,17660.17,1
0,PAYMENT,535.87,4471247976689827,81.41,81.41,11-0009744,0,0,0
0,PAYMENT,564.88,4130932200508272,37.32,-527.56,77-0003420,0,564.88,0
0,TRANSFER,20099.04,4130932200508272,-527.56,-20626.6,4253736508798548,77.22,20176.27,0
0,PAYMENT,876,4720150366217077,145.03,-730.97,93-0008865,0,876,0
0,TRANSFER,17972.21,4720150366217077,-730.97,-18703.18,4968297255301750,89513.78,107485.99,0
0,PAYMENT,545.95,4488558934506932,82027.27,81481.31,93-0000217,0,545.95,0
0,TRANSFER,16840.63,4488558934506932,81481.31,64640.69,4234526036314544,364421.59,381262.22,1
0,PAYMENT,600.61,4272001687747262,1708.06,1107.45,42-0000414,0,600.61,0
0,TRANSFER,20593.16,4272001687747262,1107.45,1107.45,4601716281699039,1149.02,1149.02,1
0,PAYMENT,625.71,4151303907915307,23.67,23.67,26-0001158,0,0,0
0,PAYMENT,596.69,4071860740506525,88.07,-508.63,21-0007069,0,596.69,0
0,TRANSFER,18533.84,4071860740506525,-508.63,-19042.47,4646287153794123,33.24,18567.08,0
0,PAYMENT,541.15,4032940392348323,18993.62,18452.47,91-0005353,0,541.15,0
0,TRANSFER,17298.25,4032940392348323,18452.47,1154.22,4304360357387144,89.42,17387.67,1
0,PAYMENT,566.7,4328739005347273,28.93,28.93,82-0003721,0,0,0
0,PAYMENT,600.22,4770668380774863,96.08,96.08,80-0005509,0,0,0
0,PAYMENT,588.5,4678774638023401,64.23,64.23,65-0003327,0,0,0
0,PAYMENT,712.77,4586858481034895,32.9,32.9,31-0006525,0,0,0
0,PAYMENT,563.35,4239828337091580,77263.94,76700.6,35-0008271,0,563.35,0
0,TRANSFER,30368.88,4239828337091580,76700.6,46331.71,4092890880813832,71.29,30440.17,0
0,PAYMENT,544.03,4498906952268711,38.33,-505.71,99-0003740,0,544.03,0
0,TRANSFER,17160.96,4498906952268711,-505.71,-17666.67,4578409933138841,107395.31,124556.27,1
0,PAYMENT,593.98,4105898568408689,5.84,5.84,55-0004319,0,0,0
0,PAYMENT,561.39,4754077106509464,24.51,24.51,04-0009257,0,0,0
0,PAYMENT,588.5,4565284124980730,72.46,72.46,22-0004866,0,0,0
0,PAYMENT,580.67,4349220949060731,20606.67,20026,65-0000165,0,580.67,0
0,TRANSFER,19642.24,4349220949060731,20026,383.76,4762581620524107,46.55,19688.79,1
0,PAYMENT,575.34,4643483825507240,17615.16,17039.82,53-0003001,0,575.34,0
0,TRANSFER,19677.38,4643483825507240,17039.82,-2637.56,4221633043315673,32.95,19710.34,0
0,PAYMENT,640.72,4297910231785027,164815.08,164174.37,42-0000394,0,640.72,0
0,TRANSFER,73718.59,4297910231785027,164174.37,90455.78,4051918668045118,211844.62,285563.21,1
0,PAYMENT,587.55,4865674225111663,20906.89,20319.34,31-0009750,0,587.55,0
0,TRANSFER,20144.72,4865674225111663,20319.34,174.62,4563201999863082,20686.48,40831.2,1
0,PAYMENT,575.87,4846298091754358,50.33,50.33,11-0003305,0,0,0
0,PAYMENT,561.67,4141290989500995,45837.72,45276.05,05-0001240,0,561.67,0
0,TRANSFER,23521.54,4141290989500995,45276.05,21754.52,4321944807985729,86.29,23607.82,0
0,PAYMENT,598.97,4830126149028533,329312,328713.03,11-0005715,0,598.97,0
0,TRANSFER,24741.79,4830126149028533,328713.03,303971.23,4647700553831963,33.64,24775.43,1
0,PAYMENT,546.46,4806126828359720,100761.41,100214.95,88-0004674,0,546.46,0
0,TRANSFER,16896.95,4806126828359720,100214.95,83318,4469177469806469,67.72,16964.67,0
0,PAYMENT,537.25,4621558916837501,96.37,96.37,13-0004154,0,0,0
0,PAYMENT,1046.21,4845249293240192,95.58,95.58,90-0005152,0,0,0
0,PAYMENT,697.48,4491398455927752,11155.54,10458.06,81-0006579,0,697.48,0
0,TRANSFER,19593.65,4491398455927752,10458.06,10458.06,4559449548721634,39.98,39.98,1
0,PAYMENT,784.66,4134266647781861,31.76,31.76,21-0000313,0,0,0
0,PAYMENT,697.48,4073119464810177,21525.9,20828.42,88-0008680,0,697.48,0
0,TRANSFER,16857.65,4073119464810177,20828.42,3970.77,4787650233304438,109608.03,126465.68,1
0,PAYMENT,581.49,4121412770053497,83.01,-498.48,04-0003305,0,581.49,0
0,TRANSFER,16810.74,4121412770053497,-498.48,-17309.22,4743608027588593,63635.37,80446.11,0
0,PAYMENT,541.79,4345787462573237,2.52,-539.27,77-0006880,0,541.79,0
0,TRANSFER,42289.9,4345787462573237,-539.27,-42829.17,4655176962752000,14.36,42304.27,0
0,PAYMENT,577.89,4005337345766466,28.87,28.87,77-0005981,0,0,0
0,PAYMENT,627.73,4532735412610578,20151.81,19524.08,83-0002872,0,627.73,0
0,TRANSFER,27150.44,4532735412610578,19524.08,-7626.36,4632866737554867,10.8,27161.24,0
0,PAYMENT,657,4095095798652820,24146.43,23489.43,45-0009817,0,657,0
0,TRANSFER,17298.25,4095095798652820,23489.43,6191.18,4035625117819891,4381.11,21679.36,0
0,PAYMENT,496.6,4120831222808631,4.22,4.22,62-0009979,0,0,0
0,PAYMENT,595.92,4633552282887022,129047.13,128451.22,50-0001829,0,595.92,0
0,TRANSFER,24741.79,4633552282887022,128451.22,103709.42,4522598694156849,30244.53,54986.32,1
0,PAYMENT,571.15,4583672967894026,8332.2,7761.04,83-0009326,0,571.15,0
0,TRANSFER,20057.51,4583672967894026,7761.04,7761.04,4005241244847411,44.21,44.21,0
0,PAYMENT,569.53,4117086636734684,347316.33,346746.81,63-0007817,0,569.53,0
0,TRANSFER,40116.9,4117086636734684,346746.81,306629.9,4354403462852385,68.9,40185.81,0
0,PAYMENT,534.24,4779013371563747,141628.12,141093.89,52-0006862,0,534.24,0
0,TRANSFER,17005.96,4779013371563747,141093.89,124087.92,4284196539368774,12.67,17018.63,1
0,PAYMENT,551.29,4575468926171212,69.02,69.02,00-0006051,0,0,0
0,PAYMENT,538.96,4612520582012331,6.44,6.44,36-0008016,0,0,0
0,PAYMENT,581.49,4072149432300531,9.38,9.38,84-0004865,0,0,0
0,PAYMENT,592.71,4100718923020406,70.26,70.26,67-0008082,0,0,0
0,PAYMENT,653.88,4719227779530230,85.08,85.08,91-0008457,0,0,0
0,PAYMENT,538.96,4553534728560385,6.21,6.21,33-0002509,0,0,0
0,PAYMENT,507.63,4635472070134149,48.76,-458.87,42-0007363,0,507.63,0
0,TRANSFER,19847.01,4635472070134149,-458.87,-20305.88,4167790825993378,4.91,19851.92,0
0,PAYMENT,560.17,4697580618641535,74.86,-485.31,83-0003243,0,560.17,0
0,TRANSFER,19733.6,4697580618641535,-485.31,-20218.92,4190051601205979,11.47,19745.08,0
0,PAYMENT,599.37,4299247885897008,14735.1,14135.73,75-0003539,0,599.37,0
0,TRANSFER,39869.27,4299247885897008,14135.73,-25733.53,4541442228457257,39997.38,79866.65,1
0,PAYMENT,566.49,4412684446433497,14970.04,14403.55,61-0006161,0,566.49,0
0,TRANSFER,17504.18,4412684446433497,14403.55,-3100.63,4152952888940871,10.74,17514.92,1
0,PAYMENT,604.14,4461445639892604,79254.34,78650.2,21-0000119,0,604.14,0
0,TRANSFER,17108.16,4461445639892604,78650.2,61542.04,4787985422543374,19.73,17127.89,1
0,PAYMENT,603.29,4969418514273023,54.89,-548.4,65-0002289,0,603.29,0
0,TRANSFER,16832.67,4969418514273023,-548.4,-17381.07,4328339483802202,32.58,16865.25,0
0,PAYMENT,844.61,4026930207207952,301321.3,300476.69,92-0004167,0,844.61,0
0,TRANSFER,16886.39,4026930207207952,300476.69,283590.31,4665570989032313,98.67,16985.06,1
0,PAYMENT,686.48,4116535357121969,10319.37,9632.89,10-0006687,0,686.48,0
0,TRANSFER,16857.65,4116535357121969,9632.89,-7224.77,4149748186914261,64.89,16922.54,1
0,PAYMENT,534.12,4364587298642255,51.02,51.02,85-0003080,0,0,0
0,PAYMENT,576.64,4399520952085890,19969.53,19392.88,54-0004752,0,576.64,0
0,TRANSFER,17847.4,4399520952085890,19392.88,1545.48,4172530605063320,74.74,17922.14,1
0,PAYMENT,536.87,4269354468937098,58.45,-478.42,51-0000030,0,536.87,0
0,TRANSFER,28049.04,4269354468937098,-478.42,-28527.46,4143243512774114,41.72,28090.76,1
0,PAYMENT,576.48,4849914366331790,98.84,98.84,87-0003759,0,0,0
0,PAYMENT,567.49,4190080728032743,47.78,47.78,87-0004805,0,0,0
0,PAYMENT,610.54,4515774767318181,308526.93,307916.38,84-0001567,0,610.54,0
0,TRANSFER,42717.07,4515774767318181,307916.38,265199.31,4547076289878276,71.18,42788.26,0
0,PAYMENT,536.19,4725250669260157,68.44,68.44,20-0003911,0,0,0
0,PAYMENT,498.68,4492055644253081,93.48,-405.2,32-0000229,0,498.68,0
0,TRANSFER,28778.17,4492055644253081,-405.2,-29183.37,4884348469682088,76.79,28854.96,1
0,PAYMENT,538.96,4672109841861303,97.32,-441.63,90-0000569,0,538.96,0
0,TRANSFER,19220.28,4672109841861303,-441.63,-19661.91,4227432951798929,60.06,19280.34,1
0,PAYMENT,548.29,4752131541619057,89.88,-458.41,53-0009749,0,548.29,0
0,TRANSFER,19733.6,4752131541619057,-458.41,-20192.01,4296283046068869,88.51,19822.11,0
0,PAYMENT,601.69,4207949000091083,41320.65,40718.95,16-0000847,0,601.69,0
0,TRANSFER,16945.23,4207949000091083,40718.95,23773.73,4103200849408228,87.31,17032.54,0
0,PAYMENT,539.45,4639145971102698,93.99,-445.46,40-0005556,0,539.45,0
0,TRANSFER,17223.37,4639145971102698,-445.46,-17668.83,4746647681530324,76.67,17300.03,0
0,PAYMENT,496.6,4120210492121092,63004.53,62507.93,06-0004051,0,496.6,0
0,TRANSFER,17259.03,4120210492121092,62507.93,45248.91,4845137191110189,501852.29,519111.31,0
0,PAYMENT,576.16,4651139294537915,83.58,83.58,48-0006254,0,0,0
0,PAYMENT,596.98,4167601669264786,44759.95,44162.97,03-0004156,0,596.98,0
0,TRANSFER,19576.99,4167601669264786,44162.97,24585.99,4759975649251541,313023.72,332600.71,1
0,PAYMENT,572.07,4963096010332638,13.85,13.85,10-0000912,0,0,0
0,PAYMENT,610.54,4954457661619239,26.32,26.32,38-0008288,0,0,0
0,PAYMENT,562.91,4153157936327803,741531.81,740968.89,45-0008368,0,562.91,0
0,TRANSFER,16959.07,4153157936327803,740968.89,724009.82,4400956247666804,35.78,16994.85,0
0,PAYMENT,596.98,4905040094086067,75.05,75.05,65-0001730,0,0,0
0,PAYMENT,596.69,4345853015294448,66181.92,65585.23,12-0006620,0,596.69,0
0,TRANSFER,19621.48,4345853015294448,65585.23,45963.75,4893283759355336,52.69,19674.17,1
0,PAYMENT,540.54,4070651974056936,60.27,-480.27,98-0008473,0,540.54,0
0,TRANSFER,19703.97,4070651974056936,-480.27,-20184.24,4603338420126630,47.25,19751.22,0
0,PAYMENT,589.88,4146548925655222,113380.57,112790.68,34-0007936,0,589.88,0
0,TRANSFER,17389.78,4146548925655222,112790.68,95400.91,4199144522236545,65.75,17455.52,1
0,PAYMENT,534.24,4384240346081722,94.04,-440.2,45-0001274,0,534.24,0
0,TRANSFER,38370.89,4384240346081722,-440.2,-38811.09,4979744360008959,56.74,38427.63,0
0,PAYMENT,543.23,4685200443125125,42.29,-500.94,71-0003262,0,543.23,0
0,TRANSFER,19677.38,4685200443125125,-500.94,-20178.32,4415393248767337,2.39,19679.78,0
0,PAYMENT,581.84,4822936618475944,38407.31,37825.47,50-0000268,0,581.84,0
0,TRANSFER,17741.8,4822936618475944,37825.47,20083.67,4418647069481451,90.29,17832.09,1
0,PAYMENT,576.8,4589868262744601,19.53,-557.27,56-0009855,0,576.8,0
0,TRANSFER,19824.96,4589868262744601,-557.27,-20382.23,4754762224865399,34.69,19859.66,0
0,PAYMENT,495.89,4190329230767324,893.74,397.85,48-0002188,0,495.89,0
0,TRANSFER,16817.74,4190329230767324,397.85,397.85,4926907821285771,83518.92,83518.92,1
0,PAYMENT,498.68,4800085866532349,87.83,87.83,13-0008285,0,0,0
0,PAYMENT,582.49,4126049396253757,4366.49,3784,66-0006339,0,582.49,0
0,TRANSFER,19220.28,4126049396253757,3784,3784,4472569380772058,42.44,42.44,1
0,PAYMENT,534.48,4418647069481451,17832.09,17297.61,40-0007384,0,534.48,0
0,TRANSFER,20593.16,4418647069481451,17297.61,17297.61,4776735931246644,38161.57,38161.57,1
0,PAYMENT,579.16,4099090172053352,2260.66,1681.51,26-0009178,0,579.16,0
0,TRANSFER,16945.23,4099090172053352,1681.51,-15263.72,4763350632222590,50.76,16995.99,1
0,PAYMENT,535.27,4043230537579025,61.13,61.13,16-0006368,0,0,0
0,PAYMENT,607.36,4205675680288614,4822.02,4214.66,78-0002958,0,607.36,0
0,TRANSFER,19824.96,4205675680288614,4214.66,-15610.3,4553519657489763,89.92,19914.88,0
0,PAYMENT,572.76,4864222759188607,74.88,74.88,38-0002784,0,0,0
0,PAYMENT,591.22,4049334550257222,82947.43,82356.2,16-0001792,0,591.22,0
0,TRANSFER,19631.62,4049334550257222,82356.2,62724.58,4293666506502919,27.16,19658.78,0
0,PAYMENT,573.06,4454406124161870,50.16,50.16,52-0003123,0,0,0
0,PAYMENT,495.68,4797079929228263,6754.76,6259.09,76-0006038,0,495.68,0
0,TRANSFER,39360.73,4797079929228263,6259.09,6259.09,4634292578525692,56.24,56.24,1
0,PAYMENT,567.99,4455558812217387,29308.75,28740.76,39-0002654,0,567.99,0
0,TRANSFER,19220.28,4455558812217387,28740.76,9520.48,4660489247126699,52.42,19272.7,1
0,PAYMENT,730,4440056243942606,49.81,49.81,38-0003319,0,0,0
0,PAYMENT,619.38,4386568622253880,67.82,67.82,62-0006567,0,0,0
0,PAYMENT,534.01,4414239284738891,77.56,-456.44,25-0000200,0,534.01,0
0,TRANSFER,24711.79,4414239284738891,-456.44,-25168.23,4054415404523497,99336.61,124048.4,1
0,PAYMENT,574.15,4954613893211332,93.73,-480.42,23-0003158,0,574.15,0
0,TRANSFER,23485.07,4954613893211332,-480.42,-23965.49,4029766262990091,190277.79,213762.85,0
0,PAYMENT,876,4190589381744626,22.15,22.15,45-0008041,0,0,0
0,PAYMENT,600.22,4818191507270420,22.26,-577.96,21-0000175,0,600.22,0
0,TRANSFER,17259.03,4818191507270420,-577.96,-17836.99,4919858988184514,87.15,17346.18,0
0,PAYMENT,876,4155628700030029,34.16,34.16,55-0006044,0,0,0
0,PAYMENT,1167.99,4639773914591600,65514.33,64346.33,94-0006215,0,1167.99,0
0,TRANSFER,16886.39,4639773914591600,64346.33,47459.95,4810939690536272,5.51,16891.9,1
0,PAYMENT,535.56,4845492972714729,80.76,-454.8,86-0009377,0,535.56,0
0,TRANSFER,18828.03,4845492972714729,-454.8,-19282.83,4412828059128072,40112.05,58940.08,0
0,PAYMENT,596.98,4969525382710223,23.81,-573.17,53-0000757,0,596.98,0
0,TRANSFER,16840.63,4969525382710223,-573.17,-17413.8,4534109815450677,84.21,16924.83,0
0,PAYMENT,539.45,4815383331405594,91.05,91.05,00-0000247,0,0,0
0,PAYMENT,611.81,4443494597754730,51.57,-560.24,66-0008305,0,611.81,0
0,TRANSFER,39685.54,4443494597754730,-560.24,-40245.77,4457244415475205,75646.85,115332.39,0
0,PAYMENT,599.37,4295139924543913,94.39,94.39,71-0000499,0,0,0
0,PAYMENT,597.27,4806131167925537,76.13,-521.14,86-0005071,0,597.27,0
0,TRANSFER,17572.83,4806131167925537,-521.14,-18093.97,4922130386204707,7029.8,24602.63,0
0,PAYMENT,537.25,4535854353040559,36.69,36.69,37-0004654,0,0,0
0,PAYMENT,587.55,4789636057806614,180684.91,180097.36,25-0006817,0,587.55,0
0,TRANSFER,39339.44,4789636057806614,180097.36,140757.92,4341173004913476,93.16,39432.6,1
0,PAYMENT,668.23,4338691657033297,8368.03,7699.81,50-0000268,581.84,1250.06,0
0,TRANSFER,39281.13,4338691657033297,7699.81,7699.81,4737449753355438,11211.43,11211.43,1
0,PAYMENT,602.25,4415393248767337,19679.78,19077.53,58-0004844,0,602.25,0
0,TRANSFER,24183.71,4415393248767337,19077.53,19077.53,4534110792689766,10781.11,10781.11,1
0,PAYMENT,585.8,4359763386575403,78.16,-507.64,80-0001049,0,585.8,0
0,TRANSFER,16817.74,4359763386575403,-507.64,-17325.38,4009905768550660,78.55,16896.3,0
0,PAYMENT,598.97,4066634212460074,32.33,-566.64,35-0000597,0,598.97,0
0,TRANSFER,17972.21,4066634212460074,-566.64,-18538.85,4628721256038642,98.65,18070.86,0
0,PAYMENT,616.44,4256804894652229,58.6,58.6,46-0003623,0,0,0
0,PAYMENT,1046.21,4105156503044287,194.9,194.9,30-0007207,0,0,0
0,PAYMENT,600.22,4632922785928964,24.61,-575.61,14-0005232,0,600.22,0
0,TRANSFER,20464.48,4632922785928964,-575.61,-21040.09,4950856189437053,142820.46,163284.94,0
0,PAYMENT,552.17,4835630461075324,464893.34,464341.17,71-0002687,0,552.17,0
0,TRANSFER,16804.02,4835630461075324,464341.17,447537.16,4220048940315778,27.84,16831.86,1
0,PAYMENT,609.39,4743623744957336,50764.96,50155.57,77-0003213,0,609.39,0
0,TRANSFER,39646.78,4743623744957336,50155.57,10508.79,4411813545811490,57.14,39703.92,0
0,PAYMENT,560.39,4623806157218966,85.52,85.52,37-0003742,0,0,0
0,PAYMENT,563.35,4416360505615235,38.16,38.16,61-0009078,0,0,0
0,PAYMENT,570.66,4510059323612086,73.51,73.51,46-0004764,0,0,0
0,PAYMENT,552.4,4207422160082011,16.59,16.59,65-0009922,0,0,0
0,PAYMENT,536.87,4631840740621501,64.92,-471.95,91-0006132,0,536.87,0
0,TRANSFER,16832.67,4631840740621501,-471.95,-17304.62,4689751970186860,166.45,16999.11,0
0,PAYMENT,605.63,4290873215399016,749188.98,748583.35,22-0009087,0,605.63,0
0,TRANSFER,39299.71,4290873215399016,748583.35,709283.64,4072049177573666,105096.27,144395.98,0
0,PAYMENT,537.25,4568808371822331,36.83,-500.42,23-0003038,0,537.25,0
0,TRANSFER,18533.84,4568808371822331,-500.42,-19034.26,4453451098257529,32.59,18566.43,0
0,PAYMENT,563.35,4018277244978728,37.61,-525.73,00-0006174,0,563.35,0
0,TRANSFER,39983.18,4018277244978728,-525.73,-40508.91,4648581903046224,91.16,40074.34,1
0,PAYMENT,681.33,4693064230435794,3.6,-677.73,85-0007723,0,681.33,0
0,TRANSFER,17741.8,4693064230435794,-677.73,-18419.53,4233064041764744,204275.96,222017.76,1
0,PAYMENT,578.29,4820219566030413,58.23,-520.06,58-0008151,0,578.29,0
0,TRANSFER,76890.73,4820219566030413,-520.06,-520.06,4384680286202160,74.4,74.4,0
0,PAYMENT,600.22,4642854249081171,10651.23,10051.01,25-0000200,534.01,1134.23,0
0,TRANSFER,19847.01,4642854249081171,10051.01,10051.01,4703732101381184,22.45,22.45,1
0,PAYMENT,592.71,4849856044166082,82.71,-509.99,45-0000951,0,592.71,0
0,TRANSFER,27679.97,4849856044166082,-509.99,-28189.96,4885656974711930,85.79,27765.75,0
0,PAYMENT,563.35,4349688300104324,80.35,80.35,94-0004483,0,0,0
0,PAYMENT,600.22,4372492496063950,93.63,93.63,23-0002986,0,0,0
0,PAYMENT,598.6,4199180905260595,14.59,14.59,99-0004983,0,0,0
0,PAYMENT,498.01,4440373895407980,83.59,83.59,65-0008439,0,0,0
0,PAYMENT,553.67,4288318830307451,15576.46,15022.78,20-0007731,0,553.67,0
0,TRANSFER,32949.05,4288318830307451,15022.78,15022.78,4816272147089305,3451.66,3451.66,1
0,PAYMENT,602.25,4318221808236682,74.04,-528.21,54-0003906,0,602.25,0
0,TRANSFER,19576.99,4318221808236682,-528.21,-20105.2,4949001892128855,12847.36,32424.35,0
0,PAYMENT,596.16,4579616108916830,10.17,10.17,92-0007269,0,0,0
0,PAYMENT,607.36,4412018601014109,71.13,-536.23,77-0009515,0,607.36,0
0,TRANSFER,27971.34,4412018601014109,-536.23,-28507.56,4719227779530230,85.08,28056.42,0
0,PAYMENT,496.85,4709041479456535,82.35,-414.51,38-0008516,0,496.85,0
0,TRANSFER,17084.69,4709041479456535,-414.51,-17499.2,4726927264714493,5017.8,22102.49,0
0,PAYMENT,597.27,4846064423910484,5607.51,5010.24,22-0003988,0,597.27,0
0,TRANSFER,16840.63,4846064423910484,5010.24,5010.24,4123693530908900,95.99,95.99,0
0,PAYMENT,536.19,4709392261061961,136908.4,136372.21,10-0001898,0,536.19,0
0,TRANSFER,23496.67,4709392261061961,136372.21,112875.54,4169950366301195,53.17,23549.84,1
0,PAYMENT,533.78,4239722930522788,70804.75,70270.97,39-0003157,0,533.78,0
0,TRANSFER,16825.05,4239722930522788,70270.97,53445.92,4226947955779337,9015.03,25840.08,0
0,PAYMENT,599.78,4824029705069347,84.94,-514.84,30-0002429,0,599.78,0
0,TRANSFER,16840.63,4824029705069347,-514.84,-17355.47,4342745592529209,249854.81,266695.44,0
0,PAYMENT,560.87,4063643443148757,77.53,-483.34,10-0002087,0,560.87,0
0,TRANSFER,20144.72,4063643443148757,-483.34,-20628.06,4069728163006048,56.27,20200.99,0
0,PAYMENT,596.42,4086549041423448,29.89,-566.53,90-0004391,0,596.42,0
0,TRANSFER,74145.41,4086549041423448,-566.53,-74711.94,4244727178820854,93.47,74238.88,0
0,PAYMENT,567.49,4140644646301299,74.19,-493.3,76-0003181,0,567.49,0
0,TRANSFER,19769.43,4140644646301299,-493.3,-20262.73,4822664431248336,41.4,19810.83,0
0,PAYMENT,600.68,4538134849841713,202.55,202.55,04-0002874,0,0,0
0,PAYMENT,784.66,4649550475321678,0,0,80-0001403,0,0,0
0,PAYMENT,703.84,4530542974843650,20.4,20.4,39-0001160,0,0,0
0,PAYMENT,568.12,4816556544019190,256133.52,255565.39,92-0005143,0,568.12,0
0,TRANSFER,16817.74,4816556544019190,255565.39,238747.65,4362108230960515,56.64,16874.38,0
0,PAYMENT,581.23,4147885906712757,117.41,117.41,37-0005578,0,0,0
0,PAYMENT,657,4021399491403146,40.93,-616.07,45-0007714,0,657,0
0,TRANSFER,17133.51,4021399491403146,-616.07,-17749.57,4812829004208080,71.99,17205.49,1
0,PAYMENT,570.31,4556961482596882,83.8,83.8,24-0000883,0,0,0
0,PAYMENT,555.8,4978316554898429,59521.58,58965.77,15-0000076,0,555.8,0
0,TRANSFER,17005.96,4978316554898429,58965.77,41959.81,4850994487116169,47009.75,64015.71,1
0,PAYMENT,616.44,4187253286681335,490.34,490.34,99-0006716,0,0,0
0,PAYMENT,703.84,4891094516388276,49.38,-654.45,64-0001696,0,703.84,0
0,TRANSFER,16866.78,4891094516388276,-654.45,-17521.23,4097995371317576,26.97,16893.75,0
0,PAYMENT,579.16,4337409969902930,82.67,82.67,62-0008104,0,0,0
0,PAYMENT,844.61,4186074707077502,63.62,-780.99,03-0000994,0,844.61,0
0,TRANSFER,16848.95,4186074707077502,-780.99,-17629.94,4825556059878088,115153.84,132002.79,0
0,PAYMENT,633.45,4809363572758222,94.73,-538.72,55-0003866,0,633.45,0
0,TRANSFER,17341.61,4809363572758222,-538.72,-17880.33,4847274229864863,88.91,17430.52,0
0,PAYMENT,583.18,4230122295680132,22.68,22.68,44-0005873,0,0,0
0,PAYMENT,576.8,4637972213289609,51.46,51.46,40-0002037,0,0,0
0,PAYMENT,561.12,4097934806091415,121241.78,120680.66,20-0003632,0,561.12,0
0,TRANSFER,17042.61,4097934806091415,120680.66,103638.04,4766991375765209,111264.99,128307.6,1
0,PAYMENT,697.48,4649623003096813,59.68,59.68,14-0000579,0,0,0
0,PAYMENT,507.63,4327388386435025,58.99,-448.64,75-0000037,0,507.63,0
0,TRANSFER,17223.37,4327388386435025,-448.64,-17672.01,4535252198731658,11.19,17234.56,0
0,PAYMENT,577.89,4684891968652559,50.91,-526.98,30-0000735,0,577.89,0
0,TRANSFER,20555.84,4684891968652559,-526.98,-21082.81,4117608675566055,85.44,20641.28,1
0,PAYMENT,594.95,4980180856492406,69.94,-525.01,53-0000426,0,594.95,0
0,TRANSFER,19611.79,4980180856492406,-525.01,-20136.8,4265606940621143,18.79,19630.58,0
0,PAYMENT,601.17,4535669509252589,33.63,33.63,48-0009688,0,0,0
0,PAYMENT,583.18,4771692831602472,629568.7,628985.52,95-0000169,0,583.18,0
0,TRANSFER,17190.81,4771692831602472,628985.52,611794.71,4917436798758397,71.12,17261.92,1
0,PAYMENT,606.46,4544526410934334,48.86,48.86,77-0008718,0,0,0
0,PAYMENT,538.49,4067692416098040,37.11,37.11,02-0001329,0,0,0
0,PAYMENT,574.8,4337294506729990,25.65,-549.15,10-0004163,0,574.8,0
0,TRANSFER,19769.43,4337294506729990,-549.15,-20318.58,4482047356277269,88.3,19857.73,0
0,PAYMENT,505.79,4153759359458377,3290.05,2784.26,71-0007408,0,505.79,0
0,TRANSFER,19602.52,4153759359458377,2784.26,2784.26,4465059322057106,41.78,41.78,1
0,PAYMENT,616.44,4477118529280964,30.22,30.22,90-0001595,0,0,0
0,PAYMENT,657,4138585363876241,79681.05,79024.05,03-0002812,0,657,0
0,TRANSFER,17133.51,4138585363876241,79024.05,61890.55,4581137123137308,120218.02,137351.52,1
0,PAYMENT,541.15,4285642042694221,47.77,-493.38,38-0008258,0,541.15,0
0,TRANSFER,28344.29,4285642042694221,-493.38,-28837.67,4374867476646916,32.33,28376.62,1
0,PAYMENT,579.7,4642440436097079,16360.79,15781.09,81-0004553,0,579.7,0
0,TRANSFER,19749.73,4642440436097079,15781.09,15781.09,4791877253797191,20044.22,20044.22,1
0,PAYMENT,599.37,4545023285534505,61.43,61.43,53-0006259,0,0,0
0,PAYMENT,589.88,4499020754443313,44.35,44.35,50-0001773,0,0,0
0,PAYMENT,560.04,4267145066045132,96.47,96.47,23-0001419,0,0,0
0,PAYMENT,535,4729197466306814,15.57,15.57,03-0006628,0,0,0
0,PAYMENT,844.61,4064624537184196,7.64,-836.97,77-0002266,0,844.61,0
0,TRANSFER,16857.65,4064624537184196,-836.97,-17694.62,4207643723083531,39.46,16897.11,1
0,PAYMENT,603.46,4246429087364821,16.93,16.93,78-0005458,0,0,0
0,PAYMENT,537.25,4810207948998433,87.76,-449.48,13-0005683,0,537.25,0
0,TRANSFER,17504.18,4810207948998433,-449.48,-17953.67,4991392770180382,13859.75,31363.93,0
0,PAYMENT,594.35,4926819460358753,25814.58,25220.22,50-0003471,0,594.35,0
0,TRANSFER,17298.25,4926819460358753,25220.22,7921.97,4854146116128539,31162.33,48460.58,1
0,PAYMENT,597.84,4764723881830850,61.98,61.98,21-0002703,0,0,0
0,PAYMENT,657,4596417733107245,62.52,62.52,51-0001530,0,0,0
0,PAYMENT,498.34,4405269744476981,6.26,6.26,10-0006649,0,0,0
0,PAYMENT,549.85,4082800103373573,8.14,-541.71,62-0006488,0,549.85,0
0,TRANSFER,17504.18,4082800103373573,-541.71,-18045.9,4169045179110642,42.28,17546.47,0
0,PAYMENT,570.66,4772504139471543,14598.46,14027.8,22-0003988,597.27,1167.93,0
0,TRANSFER,18828.03,4772504139471543,14027.8,14027.8,4671300460936507,22.72,22.72,1
0,PAYMENT,602.84,4199144522236545,17455.52,16852.69,62-0005447,0,602.84,0
0,TRANSFER,16989.35,4199144522236545,16852.69,16852.69,4487504642029313,76.45,76.45,1
0,PAYMENT,591.22,4343729453310098,82.12,82.12,76-0003083,0,0,0
0,PAYMENT,596.69,4394309612489261,147804.01,147207.31,98-0001852,0,596.69,0
0,TRANSFER,23508.81,4394309612489261,147207.31,123698.5,4091163899371742,237.36,23746.17,1
0,PAYMENT,583.92,4306929481415670,32.97,-550.96,34-0005290,0,583.92,0
0,TRANSFER,23670.72,4306929481415670,-550.96,-24221.67,4484325739608444,76.19,23746.91,1
0,PAYMENT,604.14,4889117624456653,37.84,37.84,36-0005083,0,0,0
0,PAYMENT,730,4637768013211029,32.83,-697.17,87-0003421,0,730,0
0,TRANSFER,16817.74,4637768013211029,-697.17,-17514.91,4526055386969399,9.51,16827.25,0
0,PAYMENT,598.97,4480544748100052,24603.33,24004.36,06-0009832,0,598.97,0
0,TRANSFER,18305.03,4480544748100052,24004.36,5699.33,4452551015165076,20.31,18325.34,1
0,PAYMENT,537.25,4273056614072357,77.87,77.87,73-0007621,0,0,0
0,PAYMENT,656.91,4909624304185037,6036.32,5379.4,56-0009971,0,656.91,0
0,TRANSFER,16825.05,4909624304185037,5379.4,-11445.65,4058835592987988,22,16847.04,0
0,PAYMENT,562.58,4730347094462912,5138.54,4575.96,05-0002018,0,562.58,0
0,TRANSFER,32949.05,4730347094462912,4575.96,4575.96,4480085128367218,42.21,42.21,0
0,PAYMENT,575.42,4872049145025445,85.82,85.82,67-0000587,0,0,0
0,PAYMENT,498.34,4156469325181858,82.5,82.5,40-0002853,0,0,0
0,PAYMENT,534.48,4530752794850559,66.89,-467.59,02-0005199,0,534.48,0
0,TRANSFER,17062.9,4530752794850559,-467.59,-17530.49,4846676027297750,76.87,17139.77,0
0,PAYMENT,599.37,4576299854181322,3231.1,2631.73,44-0005421,0,599.37,0
0,TRANSFER,16857.65,4576299854181322,2631.73,2631.73,4877455494895954,93.56,93.56,1
0,PAYMENT,536.19,4888741718022039,55.88,55.88,82-0006061,0,0,0
0,PAYMENT,611.81,4959927165897668,9.43,-602.38,67-0003841,0,611.81,0
0,TRANSFER,16876.34,4959927165897668,-602.38,-17478.72,4683629509398790,213865.55,230741.89,0
0,PAYMENT,640.72,4533419226373199,42591.89,41951.17,44-0002044,0,640.72,0
0,TRANSFER,39299.71,4533419226373199,41951.17,2651.46,4184818505785506,217912.47,257212.18,1
0,PAYMENT,703.84,4238635398792852,10860.68,10156.85,03-0001793,0,703.84,0
0,TRANSFER,17190.81,4238635398792852,10156.85,10156.85,4085449279604473,86.35,86.35,1
0,PAYMENT,614.26,4998980070258610,33.39,33.39,15-0001783,0,0,0
0,PAYMENT,598.97,4482047356277269,19857.73,19258.76,37-0004654,0,598.97,0
0,TRANSFER,18828.03,4482047356277269,19258.76,430.73,4340008561729744,29.07,18857.1,1
0,PAYMENT,499.05,4939337223170691,53.85,53.85,02-0005841,0,0,0
0,PAYMENT,628.92,4553519657489763,0,0,33-0006562,0,0,0
0,PAYMENT,613.2,4195488141567598,54.36,54.36,40-0007470,0,0,0
0,PAYMENT,844.61,4607253946533274,8271.26,7426.65,21-0007977,0,844.61,0
0,TRANSFER,23022.54,4607253946533274,7426.65,7426.65,4219357702151781,101160.43,101160.43,1
0,PAYMENT,505.79,4924702233358007,36.66,36.66,51-0002437,0,0,0
0,PAYMENT,599.37,4186008080380976,962.04,362.67,84-0006017,0,599.37,0
0,TRANSFER,24123.25,4186008080380976,362.67,362.67,4451985575513401,32.65,32.65,1
0,PAYMENT,558.88,4655024066343229,42.91,42.91,54-0003544,0,0,0
0,PAYMENT,592.71,4909624304185037,-11445.65,-12038.35,11-0009829,0,592.71,0
0,TRANSFER,16919.78,4909624304185037,-12038.35,-12038.35,4101442198879813,51161.38,51161.38,1
0,PAYMENT,566.49,4344131813028545,129015.56,128449.07,37-0005289,0,566.49,0
0,TRANSFER,17847.4,4344131813028545,128449.07,110601.67,4600637557613754,226367.26,244214.66,0
0,PAYMENT,575.87,4690391285895553,7.01,7.01,84-0008334,0,0,0
0,PAYMENT,596.98,4772103755901808,60923.81,60326.84,72-0003837,0,596.98,0
0,TRANSFER,24410.43,4772103755901808,60326.84,35916.41,4220418718203029,14.24,24424.67,1
0,PAYMENT,598.6,4640446872084788,31.58,31.58,94-0003145,0,0,0
0,PAYMENT,560.47,4094359482071288,209022.48,208462.01,92-0003468,0,560.47,0
0,TRANSFER,39431.15,4094359482071288,208462.01,169030.86,4635007406507780,43.23,39474.37,0
0,PAYMENT,604.85,4430096944135433,86.52,86.52,23-0006178,0,0,0
0,PAYMENT,549.26,4405483435844908,93.04,93.04,48-0002640,0,0,0
0,PAYMENT,505.79,4004226610764770,0,0,42-0001170,0,0,0
0,PAYMENT,560.04,4472190107494510,19.6,19.6,54-0007186,0,0,0
0,PAYMENT,570.66,4244980635313837,51659.45,51088.79,48-0004151,0,570.66,0
0,TRANSFER,39983.18,4244980635313837,51088.79,11105.61,4629735315852065,25.77,40008.95,0
0,PAYMENT,602.84,4258986850042293,66.83,-536,11-0002464,0,602.84,0
0,TRANSFER,17042.61,4258986850042293,-536,-17578.61,4796106640721556,38.41,17081.02,1
0,PAYMENT,609.99,4775854038204900,34.13,-575.86,86-0006828,0,609.99,0
0,TRANSFER,27728.11,4775854038204900,-575.86,-28303.97,4518609183681811,82.55,27810.66,0
0,PAYMENT,728.34,4040719176719499,28.92,-699.42,44-0000244,0,728.34,0
0,TRANSFER,16876.34,4040719176719499,-699.42,-17575.76,4946216395529242,105281.78,122158.12,0
0,PAYMENT,554.38,4199675616846749,51591.19,51036.81,13-0009638,0,554.38,0
0,TRANSFER,17504.18,4199675616846749,51036.81,33532.63,4962594887398980,18.39,17522.57,0
0,PAYMENT,656.91,4530542974843650,20.4,20.4,91-0006598,0,0,0
0,PAYMENT,582.49,4890548074766166,4781.48,4199,14-0004703,0,582.49,0
0,TRANSFER,23981.81,4890548074766166,4199,4199,4350160843504127,53.94,53.94,1
0,PAYMENT,533.57,4742301921249634,50808.45,50274.88,13-0007633,0,533.57,0
0,TRANSFER,24183.71,4742301921249634,50274.88,26091.17,4185923930331279,81.79,24265.5,0
0,PAYMENT,547.31,4451495649373386,61.14,-486.17,04-0005627,0,547.31,0
0,TRANSFER,19611.79,4451495649373386,-486.17,-20097.96,4348905691580875,207247.91,226859.7,1
0,PAYMENT,594.95,4913273937828300,22.97,22.97,77-0001744,0,0,0
0,PAYMENT,553.01,4274120720108387,60.26,-492.75,31-0004861,0,553.01,0
0,TRANSFER,19804.33,4274120720108387,-492.75,-20297.09,4639807130166597,54.97,19859.3,0
0,PAYMENT,609.39,4217116673568288,211055.65,210446.26,35-0002046,0,609.39,0
0,TRANSFER,16959.07,4217116673568288,210446.26,193487.19,4080279666423491,59.84,17018.91,1
0,PAYMENT,563.27,4529038536845328,16.95,16.95,50-0009392,0,0,0
0,PAYMENT,610.54,4631997060547292,4.05,4.05,03-0007567,0,0,0
0,PAYMENT,643.51,4433991342486965,30654.78,30011.27,81-0009412,0,643.51,0
0,TRANSFER,21966.03,4433991342486965,30011.27,8045.24,4394917254873434,31.59,21997.62,1
0,PAYMENT,607.36,4700691948878740,37.2,37.2,54-0004570,0,0,0
0,PAYMENT,536.87,4208919577485462,60.05,60.05,35-0005104,0,0,0
0,PAYMENT,575.31,4198391759401315,85.69,-489.62,03-0004156,596.98,1172.29,0
0,TRANSFER,16945.23,4198391759401315,-489.62,-17434.85,4631115937986334,80228.32,97173.55,0
0,PAYMENT,562.72,4693524742130894,10079.87,9517.16,21-0007977,844.61,1407.32,0
0,TRANSFER,39229.96,4693524742130894,9517.16,-29712.81,4311526729486266,88.09,39318.05,1
0,PAYMENT,536.52,4282256567061360,85.25,85.25,74-0004182,0,0,0
0,PAYMENT,617.83,4341256512063726,1.54,-616.29,14-0007341,0,617.83,0
0,TRANSFER,16804.02,4341256512063726,-616.29,-17420.31,4798300644012256,40.07,16844.09,0
0,PAYMENT,588.41,4071011123031414,68.92,-519.49,94-0001124,0,588.41,0
0,TRANSFER,17190.81,4071011123031414,-519.49,-17710.3,4352449182769211,41.95,17232.76,0
0,PAYMENT,561.39,4615067987967682,18.93,18.93,01-0008134,0,0,0
0,PAYMENT,609.39,4452179052541221,78.31,-531.08,94-0004890,0,609.39,0
0,TRANSFER,39339.44,4452179052541221,-531.08,-531.08,4378450299692239,41.2,41.2,0
0,PAYMENT,534.48,4592449123935251,43.5,43.5,99-0002030,0,0,0
0,PAYMENT,601.69,4324287807465970,21.62,21.62,93-0009695,0,0,0
0,PAYMENT,597.27,4333510432807699,35.61,35.61,81-0005542,0,0,0
0,PAYMENT,568.8,4319146556905726,311253.95,310685.15,74-0009041,562.91,1131.71,0
0,TRANSFER,18121.98,4319146556905726,310685.15,292563.17,4207043115768866,81.73,18203.71,1
0,PAYMENT,610.54,4003802828684744,221388.06,220777.51,38-0002313,0,610.54,0
0,TRANSFER,23485.07,4003802828684744,220777.51,197292.44,4429502353427057,85.6,23570.67,1
0,PAYMENT,730,4006439036631113,22071.08,21341.08,92-0007034,0,730,0
0,TRANSFER,16810.74,4006439036631113,21341.08,4530.34,4765954411734267,59608.26,76419,1
0,PAYMENT,597.27,4599243893131123,4.11,4.11,64-0008584,0,0,0
0,PAYMENT,596.16,4033632085437468,91.26,-504.9,61-0004131,0,596.16,0
0,TRANSFER,17223.37,4033632085437468,-504.9,-17728.27,4608795613619512,452144.33,469367.7,0
0,PAYMENT,564.44,4170968269167122,88.74,88.74,63-0003089,0,0,0
0,PAYMENT,534.73,4535854353040559,36.69,36.69,37-0002515,0,0,0
0,PAYMENT,778.66,4755132311935803,40487.4,39708.73,27-0008618,0,778.66,0
0,TRANSFER,74393.67,4755132311935803,39708.73,39708.73,4426957990285404,56.59,56.59,1
0,PAYMENT,599.78,4915567039864792,57.76,57.76,78-0005517,0,0,0
0,PAYMENT,604.85,4723436613376635,66.09,66.09,83-0004000-2394,0,0,0
0,PAYMENT,597.9,4122918339765487,21.2,21.2,62-0004731,0,0,0
0,PAYMENT,562.58,4207930474708584,25.58,-537,88-0000699,0,562.58,0
0,TRANSFER,20593.16,4207930474708584,-537,-21130.16,4052440404541606,360993.06,381586.21,1
0,PAYMENT,643.51,4879504746720524,56.79,56.79,11-0007705,0,0,0
0,PAYMENT,496.35,4256095018310048,32591.84,32095.49,54-0003311,0,496.35,0
0,TRANSFER,32949.05,4256095018310048,32095.49,32095.49,4279800048564305,8.85,8.85,1
0,PAYMENT,823.78,4643483825507240,-2637.56,-3461.34,65-0002227,0,823.78,0
0,TRANSFER,38370.89,4643483825507240,-3461.34,-41832.23,4579929418351931,190245.35,228616.24,0
0,PAYMENT,533.57,4046210901582802,58.82,58.82,56-0008999,0,0,0
0,PAYMENT,637.09,4493037702581347,26078.28,25441.19,93-0000397,0,637.09,0
0,TRANSFER,39726.88,4493037702581347,25441.19,25441.19,4623678854895044,95.56,95.56,1
0,PAYMENT,561.39,4379653141022047,58.56,-502.83,52-0007065,0,561.39,0
0,TRANSFER,16804.02,4379653141022047,-502.83,-17306.84,4387034863542753,68.18,16872.2,0
0,PAYMENT,535.56,4898638832339547,42.62,42.62,56-0009988,0,0,0
0,PAYMENT,549.03,4478327626340659,7,-542.03,32-0009567,0,549.03,0
0,TRANSFER,17504.18,4478327626340659,-542.03,-18046.21,4156643984458548,516559.15,534063.33,0
0,PAYMENT,597.9,4683961013254882,282633.5,282035.59,60-0000996,0,597.9,0
0,TRANSFER,16857.65,4683961013254882,282035.59,265177.94,4081637217928624,25.28,16882.93,1
0,PAYMENT,574.8,4220926615979137,7596.83,7022.03,63-0002150,0,574.8,0
0,TRANSFER,16919.78,4220926615979137,7022.03,7022.03,4941782542757866,12.37,12.37,1
0,PAYMENT,627.73,4010957605675058,69.12,69.12,77-0002581,0,0,0
0,PAYMENT,534.73,4704517483140103,41.31,41.31,20-0004633,0,0,0
0,PAYMENT,588.5,4487727733746798,98.07,-490.43,82-0002969,0,588.5,0
0,TRANSFER,39339.44,4487727733746798,-490.43,-39829.87,4077801655784008,175.37,39514.81,0
0,PAYMENT,537.25,4960440752757896,41.91,-495.34,53-0005218,0,537.25,0
0,TRANSFER,20314,4960440752757896,-495.34,-20809.34,4355896407441231,22.81,20336.81,0
0,PAYMENT,535,4744742226206910,39.69,39.69,52-0004692,0,0,0
0,PAYMENT,595.92,4838034529881400,17.73,-578.18,75-0005579,0,595.92,0
0,TRANSFER,23473.97,4838034529881400,-578.18,-24052.15,4048806466035447,52.21,23526.18,1
0,PAYMENT,538.05,4854051726065149,255294.64,254756.59,83-0001227,0,538.05,0
0,TRANSFER,20593.16,4854051726065149,254756.59,234163.43,4946775057138931,72.28,20665.44,0
0,PAYMENT,627.64,4700765719250857,20.87,-606.77,25-0009468,0,627.64,0
0,TRANSFER,23630.94,4700765719250857,-606.77,-24237.71,4612196008819763,57.06,23688,1
0,PAYMENT,618.35,4996656214287598,31.39,31.39,80-0002280,0,0,0
0,PAYMENT,592.71,4366142428712087,51.64,51.64,99-0008609,0,0,0
0,PAYMENT,545.95,4791877253797191,20044.22,19498.26,03-0008557,0,545.95,0
0,TRANSFER,40468.81,4791877253797191,19498.26,19498.26,4563359418067659,71.06,71.06,1
0,PAYMENT,625.71,4873912811444340,87.34,-538.37,77-0004888,0,625.71,0
0,TRANSFER,39431.15,4873912811444340,-538.37,-39969.52,4189563448622318,73.99,39505.13,0
0,PAYMENT,598.97,4917880574076039,88.55,88.55,05-0000499,0,0,0
0,PAYMENT,550.64,4301337670808421,29723.58,29172.94,54-0008335,0,550.64,0
0,TRANSFER,20057.51,4301337670808421,29172.94,9115.43,4657807110578214,86.8,20144.31,1
0,PAYMENT,876,4653212271816251,98.48,-777.52,67-0005283,0,876,0
0,TRANSFER,16932.15,4653212271816251,-777.52,-17709.67,4568893753578636,17.01,16949.16,0
0,PAYMENT,560.39,4577753873607377,39.01,-521.38,98-0009076,0,560.39,0
0,TRANSFER,16959.07,4577753873607377,-521.38,-17480.45,4309439766078679,3.01,16962.08,0
0,PAYMENT,551.29,4578027454152908,16.58,-534.7,84-0008414,0,551.29,0
0,TRANSFER,17847.4,4578027454152908,-534.7,-18382.1,4173353253743161,46.29,17893.7,0
0,PAYMENT,613.2,4479826083744500,11.92,11.92,58-0000319,0,0,0
0,PAYMENT,582.67,4267553724789340,6080.31,5497.64,93-0005225,0,582.67,0
0,TRANSFER,17005.96,4267553724789340,5497.64,5497.64,4236773255781916,7.69,7.69,1
0,PAYMENT,534.24,4934271011485331,75.08,75.08,62-0009636,0,0,0
0,PAYMENT,499.43,4939337223170691,53.85,53.85,58-0004486,0,0,0
0,PAYMENT,606.95,4107242958422182,61.65,-545.3,83-0002602,0,606.95,0
0,TRANSFER,76616.93,4107242958422182,-545.3,-545.3,4756304912465618,22.81,22.81,0
0,PAYMENT,603.46,4102520188716845,39656.73,39053.27,34-0001096,0,603.46,0
0,TRANSFER,17259.03,4102520188716845,39053.27,21794.24,4744854859845318,32.69,17291.72,1
0,PAYMENT,536.87,4143077238530644,10539.25,10002.38,22-0009450,0,536.87,0
0,TRANSFER,17023.68,4143077238530644,10002.38,10002.38,4569954914691426,66.3,66.3,1
0,PAYMENT,637.09,4555300219045957,186546.36,185909.27,59-0006464,0,637.09,0
0,TRANSFER,17341.61,4555300219045957,185909.27,168567.67,4580452207593867,89.98,17431.59,1
0,PAYMENT,632.66,4453127349169511,50133.89,49501.22,98-0003208,0,632.66,0
0,TRANSFER,19766.82,4453127349169511,49501.22,29734.4,4659777713854502,95.17,19861.99,1
0,PAYMENT,596.42,4331540271902071,7667.04,7070.61,82-0006804,0,596.42,0
0,TRANSFER,19220.28,4331540271902071,7070.61,-12149.66,4175704275930764,116454.28,135674.56,1
0,PAYMENT,599.78,4882405536058478,6.9,-592.88,71-0009039,0,599.78,0
0,TRANSFER,17042.61,4882405536058478,-592.88,-17635.49,4498957374760637,67.89,17110.5,1
0,PAYMENT,589.88,4342745592529209,0,0,82-0009462,0,0,0
0,PAYMENT,557.98,4466526078230946,28.11,28.11,77-0003420,564.88,564.88,0
0,PAYMENT,585.8,4212218839112939,45.05,45.05,73-0007526,0,0,0
0,PAYMENT,971.12,4735256251926053,37.07,37.07,60-0006375,0,0,0
0,PAYMENT,619.38,4645745570703390,224287.82,223668.44,82-0009462,0,619.38,0
0,TRANSFER,17741.8,4645745570703390,223668.44,205926.65,4307409042151188,47.33,17789.13,1
0,PAYMENT,601.17,4152401459930150,707762.12,707160.95,73-0005523,0,601.17,0
0,TRANSFER,16932.15,4152401459930150,707160.95,690228.8,4576021976508244,98.52,17030.67,1
0,PAYMENT,553.88,4732981266534112,36.24,36.24,51-0002365,0,0,0
0,PAYMENT,600.68,4024978978860154,41.06,41.06,86-0001355,0,0,0
0,PAYMENT,562.26,4839173023901618,24954.51,24392.25,87-0004479,0,562.26,0
0,TRANSFER,16810.74,4839173023901618,24392.25,7581.51,4862041213956983,59.53,16870.27,0
0,PAYMENT,625.71,4637356684908246,503070.25,502444.54,14-0002603,0,625.71,0
0,TRANSFER,17223.37,4637356684908246,502444.54,485221.17,4295122426478200,60.8,17284.17,1
0,PAYMENT,537.64,4612604254865703,73.2,-464.44,02-0007843,0,537.64,0
0,TRANSFER,16804.02,4612604254865703,-464.44,-17268.45,4660674126548382,252858.07,269662.08,0
0,PAYMENT,538.96,4743880059475367,4581.16,4042.2,73-0003455,0,538.96,0
0,TRANSFER,20251.31,4743880059475367,4042.2,4042.2,4563960414574430,50951.71,50951.71,0
0,PAYMENT,603.29,4235171786672889,74.28,-529,03-0008397,0,603.29,0
0,TRANSFER,41940.4,4235171786672889,-529,-529,4699583351847085,19.07,19.07,0
0,PAYMENT,496.6,4359891465351840,27.6,27.6,67-0001833,0,0,0
0,PAYMENT,1126.14,4076076115975410,11.89,11.89,74-0005911,0,0,0
0,PAYMENT,546.89,4434664595554891,46.21,-500.67,62-0009636,0,546.89,0
0,TRANSFER,27205.46,4434664595554891,-500.67,-27706.13,4305881004962517,90.04,27295.49,0
0,PAYMENT,538.49,4694925913002417,69.96,69.96,05-0000100,0,0,0
0,PAYMENT,538.96,4742784019413529,96.42,96.42,80-0007241,0,0,0
0,PAYMENT,620.5,4126450303069940,51931.99,51311.49,39-0008788,0,620.5,0
0,TRANSFER,40047.25,4126450303069940,51311.49,11264.24,4213013932738600,94.17,40141.42,0
0,PAYMENT,614.73,4042796984948260,218914.48,218299.75,86-0000392,0,614.73,0
0,TRANSFER,20593.16,4042796984948260,218299.75,197706.59,4737619379684680,63.64,20656.8,1
0,PAYMENT,538.49,4193154702594429,29953.21,29414.72,56-0001728,0,538.49,0
0,TRANSFER,19984.84,4193154702594429,29414.72,9429.88,4265089362364247,107143.12,127127.96,1
0,PAYMENT,603.29,4901004705517088,2.47,-600.82,72-0006133,0,603.29,0
0,TRANSFER,20314,4901004705517088,-600.82,-20914.82,4634391295415524,8118.09,28432.09,0
0,PAYMENT,537.64,4477574867701427,16.54,16.54,31-0005895,0,0,0
0,PAYMENT,643.51,4558525404864211,172227.93,171584.42,36-0005204,0,643.51,0
0,TRANSFER,16896.95,4558525404864211,171584.42,154687.47,4272099668190304,123370.13,140267.08,0
0,PAYMENT,592.71,4593483077519000,7.22,7.22,48-0000651,0,0,0
0,PAYMENT,570.31,4594441730132198,38.4,38.4,11-0004560,0,0,0
0,PAYMENT,632.66,4066900670537939,30.63,30.63,30-0009387,0,0,0
0,PAYMENT,539.98,4067603359108076,88.55,-451.44,15-0008166,0,539.98,0
0,TRANSFER,16840.63,4067603359108076,-451.44,-17292.06,4535669509252589,33.63,16874.26,0
0,PAYMENT,640.72,4092596073879213,0,0,32-0006654,0,0,0
0,PAYMENT,560.47,4682063318093692,107.92,107.92,20-0006958,0,0,0
0,PAYMENT,533.78,4303169400355458,37.46,37.46,93-0006929,0,0,0
0,PAYMENT,657,4893205617558579,7.28,-649.71,15-0002808,0,657,0
0,TRANSFER,24711.79,4893205617558579,-649.71,-649.71,4665646575947559,10.63,10.63,0
0,PAYMENT,641.5,4355734507118799,57246.63,56605.14,52-0005391,0,641.5,0
0,TRANSFER,17023.68,4355734507118799,56605.14,39581.46,4299539421573261,33535.01,50558.69,1
0,PAYMENT,1167.99,4550751041809413,36.9,36.9,38-0003499,0,0,0
0,PAYMENT,600.22,4544819260715980,51.29,51.29,24-0004984,0,0,0
0,PAYMENT,535.87,4246584162319478,26.55,26.55,05-0005138,0,0,0
0,PAYMENT,675.68,4535517671597796,159835.47,159159.79,14-0009380,0,675.68,0
0,TRANSFER,17133.51,4535517671597796,159159.79,142026.29,4128939718324039,65.44,17198.94,1
0,PAYMENT,675.68,4223095774361219,62.04,-613.65,03-0003325,0,675.68,0
0,TRANSFER,17005.96,4223095774361219,-613.65,-17619.61,4446401274740368,50.15,17056.11,1
0,PAYMENT,547.62,4311201454853763,66.88,66.88,66-0004884,0,0,0
0,PAYMENT,605.63,4858553864588838,72.97,-532.66,82-0001005,0,605.63,0
0,TRANSFER,27237.09,4858553864588838,-532.66,-27769.75,4860236081466931,57.08,27294.16,1
0,PAYMENT,610.29,4508541538482235,55240.01,54629.71,94-0002433,0,610.29,0
0,TRANSFER,19569.16,4508541538482235,54629.71,35060.56,4968325107449541,8.15,19577.31,0
0,PAYMENT,533.78,4657202709845192,15.65,15.65,13-0000995,0,0,0
0,PAYMENT,596.98,4354470116157784,92944.11,92347.14,13-0006894,0,596.98,0
0,TRANSFER,19220.28,4354470116157784,92347.14,73126.86,4518888028581556,33.66,19253.94,1
0,PAYMENT,541.79,4711875706690788,58.77,-483.02,43-0006299,0,541.79,0
0,TRANSFER,17259.03,4711875706690788,-483.02,-17742.05,4254781347034712,23.86,17282.89,0
0,PAYMENT,583.18,4364523060781815,44.17,-539,85-0004599,0,583.18,0
0,TRANSFER,39859.16,4364523060781815,-539,-40398.16,4511708805523810,89.6,39948.75,1
0,PAYMENT,597.27,4887638980649302,96.14,96.14,58-0009853,0,0,0
0,PAYMENT,622.93,4725435005366384,3219.79,2596.86,58-0005265,0,622.93,0
0,TRANSFER,16804.02,4725435005366384,2596.86,2596.86,4414608358190561,24.63,24.63,1
0,PAYMENT,538.05,4414239284738891,-25168.23,-25706.28,36-0009375,0,538.05,0
0,TRANSFER,16932.15,4414239284738891,-25706.28,-42638.44,4455486827760524,27.75,16959.9,0
0,PAYMENT,545.85,4987730986838671,191432.78,190886.93,35-0001420,0,545.85,0
0,TRANSFER,22383.02,4987730986838671,190886.93,168503.91,4967469538283029,33.5,22416.52,0
0,PAYMENT,583.18,4623785205962744,98.27,98.27,35-0006010,0,0,0
0,PAYMENT,686.48,4220032004695119,10743.28,10056.79,45-0001163,0,686.48,0
0,TRANSFER,17133.51,4220032004695119,10056.79,10056.79,4215535103012017,96.33,96.33,0
0,PAYMENT,496.35,4218944969550226,24.74,-471.61,67-0008484,0,496.35,0
0,TRANSFER,27679.97,4218944969550226,-471.61,-471.61,4574430956972647,1784.48,1784.48,0
0,PAYMENT,647.41,4576095700111079,65.32,-582.09,16-0005164,0,647.41,0
0,TRANSFER,17133.51,4576095700111079,-582.09,-17715.6,4662134993874302,39.17,17172.68,1
0,PAYMENT,577.51,4688413840721837,41.02,41.02,21-0008048,0,0,0
0,PAYMENT,556.85,4077785996160236,83.94,-472.91,31-0006567,0,556.85,0
0,TRANSFER,20555.84,4077785996160236,-472.91,-21028.75,4674215665046737,16549.22,37105.06,1
0,PAYMENT,498.01,4613109388009177,85.92,85.92,87-0008034,0,0,0
0,PAYMENT,592.71,4406246798337086,30577.23,29984.52,15-0002201,0,592.71,0
0,TRANSFER,18828.03,4406246798337086,29984.52,11156.49,4136679198148694,61.36,18889.39,1
0,PAYMENT,548.29,4306260711736697,107457.9,106909.62,74-0003173,0,548.29,0
0,TRANSFER,18828.03,4306260711736697,106909.62,88081.59,4376270629948776,104024.96,122852.99,1
0,PAYMENT,625.71,4163895653670446,2.54,-623.17,27-0005332,0,625.71,0
0,TRANSFER,17042.61,4163895653670446,-623.17,-17665.78,4612939529946205,17.74,17060.36,0
0,PAYMENT,681.33,4514751810208875,19.07,19.07,99-0006488,0,0,0
0,PAYMENT,498.34,4669984275117546,118953.36,118455.02,25-0003910,0,498.34,0
0,TRANSFER,20929.58,4669984275117546,118455.02,97525.45,4227967144867479,96.1,21025.68,0
0,PAYMENT,577.15,4971605009175855,61041.06,60463.91,43-0006110,0,577.15,0
0,TRANSFER,17005.96,4971605009175855,60463.91,43457.95,4722469217239314,76.93,17082.89,1
0,PAYMENT,561.31,4110985515999507,39791.02,39229.71,86-0005282,0,561.31,0
0,TRANSFER,17741.8,4110985515999507,39229.71,21487.91,4179949246358316,16662.71,34404.51,1
0,PAYMENT,542.48,4584381465354538,50.71,-491.77,99-0008760,0,542.48,0
0,TRANSFER,40581.22,4584381465354538,-491.77,-41072.99,4031459819179675,608307.75,648888.97,0
0,PAYMENT,622.93,4688156296066583,30915.21,30292.28,59-0007550,0,622.93,0
0,TRANSFER,39339.44,4688156296066583,30292.28,30292.28,4712650532922336,30.59,30.59,0
0,PAYMENT,551.82,4555167690389075,31764.84,31213.02,34-0001771,0,551.82,0
0,TRANSFER,17084.69,4555167690389075,31213.02,14128.33,4268691140578282,61.89,17146.58,0
0,PAYMENT,640.72,4611608727741491,97.49,97.49,05-0002018,562.58,562.58,0
0,PAYMENT,686.48,4294392734812561,10.57,10.57,14-0001620,0,0,0
0,PAYMENT,557.98,4094616759942388,47.26,47.26,81-0000109,0,0,0
0,PAYMENT,618.35,4083738262480624,50374.33,49755.98,57-0000871,0,618.35,0
0,TRANSFER,17572.83,4083738262480624,49755.98,32183.16,4725363722549076,49.73,17622.55,1
0,PAYMENT,537.64,4269108111688791,15263.47,14725.83,35-0006278,0,537.64,0
0,TRANSFER,27290.95,4269108111688791,14725.83,14725.83,4227641473414068,50.04,50.04,1
0,PAYMENT,596.69,4248009265479993,50.12,50.12,58-0001198,0,0,0
0,PAYMENT,538.96,4989820142007614,42154.51,41615.55,13-0005593,0,538.96,0
0,TRANSFER,16919.78,4989820142007614,41615.55,24695.77,4728649829168290,983.05,17902.83,1
0,PAYMENT,514.12,4776530054551742,45.65,-468.48,92-0007864,0,514.12,0
0,TRANSFER,18533.84,4776530054551742,-468.48,-19002.32,4277492203371791,43154.94,61688.78,1
0,PAYMENT,522.91,4440373895407980,83.59,83.59,33-0009284,0,0,0
0,PAYMENT,1098.37,4990545266304458,5.22,-1093.15,64-0005869,0,1098.37,0
0,TRANSFER,40367.63,4990545266304458,-1093.15,-41460.78,4115910182636609,825.19,41192.82,0
0,PAYMENT,577.89,4822463731373963,0.72,0.72,37-0003742,0,0,0
0,PAYMENT,544.9,4585263323462514,10.93,-533.97,32-0003237,0,544.9,0
0,TRANSFER,23022.54,4585263323462514,-533.97,-23556.51,4583390364112062,7995.55,31018.09,0
0,PAYMENT,511.12,4267200279966408,41.01,41.01,57-0008327,0,0,0
0,PAYMENT,614.26,4914278575340509,87.29,87.29,03-0006904,0,0,0
0,PAYMENT,681.33,4195418679238197,36.58,36.58,81-0007973,0,0,0
0,PAYMENT,600.61,4526628586107448,697152.17,696551.56,75-0007844,0,600.61,0
0,TRANSFER,17847.4,4526628586107448,696551.56,678704.16,4955189825301060,646954.03,664801.44,0
0,PAYMENT,657,4316485424287450,88.26,88.26,57-0006104,0,0,0
0,PAYMENT,616.44,4515415742204084,43.28,-573.16,54-0001869,0,616.44,0
0,TRANSFER,20784.24,4515415742204084,-573.16,-21357.4,4317023991545015,80.71,20864.94,1
0,PAYMENT,588.41,4563960414574430,50951.71,50363.3,86-0008252,0,588.41,0
0,TRANSFER,21583.63,4563960414574430,50363.3,28779.67,4441611170301777,65.3,21648.93,1
0,PAYMENT,536.87,4768808662365188,289257.2,288720.33,77-0002182,0,536.87,0
0,TRANSFER,19653.38,4768808662365188,288720.33,269066.94,4524553548501193,40.95,19694.33,1
0,PAYMENT,549.26,4088240441181541,90.36,90.36,60-0005232,0,0,0
0,PAYMENT,596.42,4417626105431622,8.11,-588.31,73-0007398,0,596.42,0
0,TRANSFER,28718.15,4417626105431622,-588.31,-29306.46,4054155215621557,29.27,28747.42,0
0,PAYMENT,538.05,4158837924868455,76.6,76.6,55-0004319,0,0,0
0,PAYMENT,613.2,4083261338352321,51.56,51.56,54-0007031,0,0,0
0,PAYMENT,667.43,4323143989871330,77043.39,76375.96,36-0009375,538.05,1205.48,0
0,TRANSFER,16919.78,4323143989871330,76375.96,59456.18,4522055347542990,351033.12,367952.9,1
0,PAYMENT,588.5,4497991938999242,76,76,56-0002772,0,0,0
0,PAYMENT,560.39,4242605965930171,73.08,73.08,27-0005185,0,0,0
0,PAYMENT,548.65,4995975081145817,26.7,26.7,21-0008349,0,0,0
0,PAYMENT,533.78,4280125092575875,278776.29,278242.51,99-0008267,0,533.78,0
0,TRANSFER,19784.99,4280125092575875,278242.51,258457.52,4719267713115003,37485.81,57270.8,1
0,PAYMENT,592.71,4412842010788619,60.92,60.92,94-0005033,0,0,0
0,PAYMENT,579.13,4183292472241474,95934.12,95354.99,78-0008268,0,579.13,0
0,TRANSFER,19847.01,4183292472241474,95354.99,75507.98,4895167114315952,7504.35,27351.37,0
0,PAYMENT,560.39,4813714174561162,88.62,88.62,76-0006038,495.68,495.68,0
0,PAYMENT,541.15,4458493126153838,27.73,-513.42,21-0009527,0,541.15,0
0,TRANSFER,16919.78,4458493126153838,-513.42,-17433.2,4247331169764010,90.95,17010.74,0
0,PAYMENT,499.84,4197772742778441,64.13,64.13,35-0000407,0,0,0
0,PAYMENT,586.53,4278298333183579,299106.41,298519.88,21-0009477,0,586.53,0
0,TRANSFER,16825.05,4278298333183579,298519.88,281694.83,4205779727559225,23.35,16848.4,1
0,PAYMENT,595.92,4843585785140149,56.28,-539.63,40-0000062,0,595.92,0
0,TRANSFER,23496.67,4843585785140149,-539.63,-24036.3,4494139464440602,22.63,23519.3,0
0,PAYMENT,596.42,4741040906674256,31189.63,30593.21,65-0008439,0,596.42,0
0,TRANSFER,16825.05,4741040906674256,30593.21,13768.16,4829280447236166,71.5,16896.55,0
0,PAYMENT,555.96,4411505393685519,40.58,40.58,90-0001739,0,0,0
0,PAYMENT,596.42,4772103755901808,35916.41,35319.99,63-0007688,0,596.42,0
0,TRANSFER,23740.34,4772103755901808,35319.99,11579.65,4218833103391995,44.44,23784.77,1
0,PAYMENT,604.14,4098666736174833,27.61,27.61,51-0003746,0,0,0
0,PAYMENT,589.88,4074606785860906,14370.13,13780.24,00-0000815,0,589.88,0
0,TRANSFER,17389.78,4074606785860906,13780.24,13780.24,4273999575418657,16.78,16.78,1
0,PAYMENT,545.49,4954498144833914,35.3,35.3,20-0007431,0,0,0
0,PAYMENT,686.48,4835819170523837,67.61,67.61,05-0000556,0,0,0
0,PAYMENT,600.22,4552699160196401,94.68,-505.54,27-0002130,0,600.22,0
0,TRANSFER,20593.16,4552699160196401,-505.54,-21098.69,4189542292875172,31.55,20624.71,1
0,PAYMENT,597.27,4250048249892777,25.26,-572.01,72-0009850,0,597.27,0
0,TRANSFER,39457.09,4250048249892777,-572.01,-572.01,4979875088737600,20208.8,20208.8,1
0,PAYMENT,544.03,4115067642589124,69.27,69.27,12-0007148,0,0,0
0,PAYMENT,570.22,4129025081738929,18196.47,17626.25,02-0005841,0,570.22,0
0,TRANSFER,23630.94,4129025081738929,17626.25,17626.25,4020821461514082,57.6,57.6,0
0,PAYMENT,535,4841137858501856,27.14,-507.85,06-0008741,0,535,0
0,TRANSFER,16817.74,4841137858501856,-507.85,-17325.6,4689956815760890,69.78,16887.52,0
0,PAYMENT,548.02,4953417512480224,33.6,33.6,98-0006315,0,0,0
0,PAYMENT,537.25,4640798835666022,77800.05,77262.81,85-0005842,0,537.25,0
0,TRANSFER,23453.16,4640798835666022,77262.81,53809.65,4500642611787926,60.67,23513.83,1
0,PAYMENT,560.47,4009564660232982,41.83,-518.65,13-0000348,0,560.47,0
0,TRANSFER,19690.33,4009564660232982,-518.65,-20208.97,4115292672169965,0.48,19690.81,0
0,PAYMENT,622.93,4837698655662924,11838.31,11215.38,32-0006820,0,622.93,0
0,TRANSFER,17084.69,4837698655662924,11215.38,11215.38,4295330275931654,90.93,90.93,1
0,PAYMENT,577.51,4071737805891176,86.49,86.49,12-0002428,0,0,0
0,PAYMENT,614.73,4901141523383929,30986.51,30371.78,05-0003496,0,614.73,0
0,TRANSFER,25527.25,4901141523383929,30371.78,4844.53,4525254900245698,36238.47,61765.72,1
0,PAYMENT,597.84,4639193509561563,79.3,79.3,27-0002910,0,0,0
0,PAYMENT,555.8,4816182723593903,14464.45,13908.65,25-0005413,0,555.8,0
0,TRANSFER,17023.68,4816182723593903,13908.65,-3115.02,4215198024420692,48.13,17071.8,1
0,PAYMENT,576.8,4892353491057408,7134.46,6557.66,77-0006039,0,576.8,0
0,TRANSFER,16932.15,4892353491057408,6557.66,-10374.49,4507942742722849,52.75,16984.9,0
0,PAYMENT,611.81,4775303086083626,38.04,-573.77,32-0004762,0,611.81,0
0,TRANSFER,16886.39,4775303086083626,-573.77,-17460.16,4223108177786005,86.76,16973.14,0
0,PAYMENT,560.47,4787005307720334,68.12,68.12,40-0005703,0,0,0
0,PAYMENT,597.84,4153180607870612,67.71,-530.13,72-0005994,0,597.84,0
0,TRANSFER,20099.04,4153180607870612,-530.13,-20629.17,4724448837646346,3.79,20102.83,0
0,PAYMENT,542.48,4847585552255936,41.97,41.97,42-0009589,0,0,0
0,PAYMENT,577.15,4207098190721123,10825.7,10248.55,65-0008439,596.42,1173.57,0
0,TRANSFER,16832.67,4207098190721123,10248.55,10248.55,4240147947372661,43,43,1
0,PAYMENT,608.33,4968123443988656,72.57,-535.76,27-0009957,0,608.33,0
0,TRANSFER,20057.51,4968123443988656,-535.76,-20593.27,4579436976531342,257011.58,277069.09,0
0,PAYMENT,560.39,4434254164762644,90.46,90.46,45-0001361,0,0,0
0,PAYMENT,1126.14,4246733282277716,25.09,25.09,13-0000544,0,0,0
0,PAYMENT,576.48,4221787314820348,74.86,74.86,22-0007536,0,0,0
0,PAYMENT,535.87,4589708440172038,16.72,16.72,80-0005509,0,0,0
0,PAYMENT,657,4683476445180761,10.01,10.01,00-0004507,0,0,0
0,PAYMENT,540.54,4978400826062343,473.7,-66.84,59-0001577,0,540.54,0
0,TRANSFER,20929.58,4978400826062343,-66.84,-20996.42,4982269464254205,74.18,21003.76,0
0,PAYMENT,616.44,4522125065946119,28.81,28.81,33-0005612,0,0,0
0,PAYMENT,535.87,4259297857407250,24.25,24.25,25-0003673,0,0,0
0,PAYMENT,609.39,4971316896655492,90.27,90.27,21-0009856,0,0,0
0,PAYMENT,539.98,4538615712163193,92.32,92.32,62-0008215,0,0,0
0,PAYMENT,495.47,4687152051690940,87.51,87.51,11-0004692,0,0,0
0,PAYMENT,574.56,4750928280020948,28.43,-546.13,31-0008786,0,574.56,0
0,TRANSFER,16989.35,4750928280020948,-546.13,-17535.49,4196460326988484,42.94,17032.3,1
0,PAYMENT,653.88,4743477656626615,181595.17,180941.29,91-0004412,0,653.88,0
0,TRANSFER,23858.16,4743477656626615,180941.29,157083.13,4940668050095057,55.04,23913.2,1
0,PAYMENT,557.82,4017033818250189,0,0,93-0005882,0,0,0
0,PAYMENT,554.38,4515950058251600,53258.9,52704.52,06-0008170,0,554.38,0
0,TRANSFER,16825.05,4515950058251600,52704.52,35879.47,4390799973212985,53.28,16878.33,1
0,PAYMENT,597.58,4401392629086743,25.68,25.68,94-0003163,0,0,0
0,PAYMENT,579.63,4067116804604151,55.82,55.82,66-0002100,0,0,0
0,PAYMENT,597.27,4764511546348982,49.44,49.44,78-0002701-3206,0,0,0
0,PAYMENT,575.42,4018963170243381,48.98,48.98,91-0007706,0,0,0
0,PAYMENT,703.84,4897120616615153,33.64,33.64,04-0000537,0,0,0
0,PAYMENT,577.51,4573174051851832,60.71,60.71,56-0005982,0,0,0
0,PAYMENT,801.87,4243888382616396,63.05,63.05,25-0006817,587.55,587.55,0
0,PAYMENT,667.43,4897757179439990,31027.67,30360.25,60-0009862,0,667.43,0
0,TRANSFER,17651.28,4897757179439990,30360.25,12708.97,4876768263643905,21707.01,39358.28,0
0,PAYMENT,535,4067943398359987,48.52,-486.48,43-0008856,0,535,0
0,TRANSFER,17005.96,4067943398359987,-486.48,-17492.44,4295757808059563,90.88,17096.84,1
0,PAYMENT,605.63,4344567811190391,7.45,-598.18,45-0008749,0,605.63,0
0,TRANSFER,16866.78,4344567811190391,-598.18,-17464.95,4509737581248692,6.04,16872.81,0
0,PAYMENT,533.57,4663032546054720,6.74,6.74,94-0008506,0,0,0
0,PAYMENT,557.98,4087284122940198,18.36,18.36,48-0006919,0,0,0
0,PAYMENT,538.49,4149062832709178,49.91,49.91,44-0007971,0,0,0
0,PAYMENT,540.54,4611033936846322,69.37,-471.17,85-0001705,0,540.54,0
0,TRANSFER,20593.16,4611033936846322,-471.17,-21064.33,4484119838538176,116903.2,137496.35,0
0,PAYMENT,538.05,4863833350346567,2.36,2.36,31-0006525,0,0,0
0,PAYMENT,596.42,4887229935651583,44.83,-551.59,99-0005016,0,596.42,0
0,TRANSFER,19593.65,4887229935651583,-551.59,-20145.24,4928485829599079,27.84,19621.49,1
0,PAYMENT,533.78,4642542152697105,65.42,65.42,10-0001499,0,0,0
0,PAYMENT,597.84,4040532090425188,38.44,38.44,39-0006334,0,0,0
0,PAYMENT,560.17,4019508468399970,174.08,174.08,63-0004864,0,0,0
0,PAYMENT,543.23,4816318468598893,41.72,-501.51,36-0008177,0,543.23,0
0,TRANSFER,20555.84,4816318468598893,-501.51,-21057.35,4996579016173495,93.23,20649.06,0
0,PAYMENT,600.68,4707273122805337,693609.61,693008.93,87-0003421,730,1330.68,0
0,TRANSFER,16945.23,4707273122805337,693008.93,676063.7,4121963514719512,23.89,16969.12,0
0,PAYMENT,609.39,4985985192169665,10.7,10.7,23-0007383,0,0,0
0,PAYMENT,1046.21,4938854389566505,88.46,88.46,21-0000802,0,0,0
0,PAYMENT,656.91,4840907732408184,39070.06,38413.15,42-0002181,0,656.91,0
0,TRANSFER,19733.6,4840907732408184,38413.15,18679.54,4660981528787751,19.85,19753.46,0
0,PAYMENT,598.6,4654870344998452,76.92,-521.67,22-0000361,0,598.6,0
0,TRANSFER,23650.24,4654870344998452,-521.67,-24171.92,4324667234638788,35.3,23685.54,0
0,PAYMENT,622.93,4829587905855950,39.03,39.03,21-0009527,541.15,541.15,0
0,PAYMENT,548.02,4847473755945530,39.04,-508.98,81-0009320,0,548.02,0
0,TRANSFER,19220.28,4847473755945530,-508.98,-19729.26,4159985132277065,22923.83,42144.11,0
0,PAYMENT,557.98,4559337054584514,73.48,73.48,44-0002872,0,0,0
0,PAYMENT,546.89,4003735918177981,18.73,18.73,88-0005107,0,0,0
0,PAYMENT,548.29,4629765842087919,8.66,8.66,64-0004331,0,0,0
0,PAYMENT,584.73,4982957506190979,285265.82,284681.09,38-0009095,0,584.73,0
0,TRANSFER,17572.83,4982957506190979,284681.09,267108.27,4694597848996979,22876.34,40449.16,1
0,PAYMENT,548.02,4263629119640472,4.33,4.33,13-0007075,0,0,0
0,PAYMENT,575.42,4361494344050786,64.36,-511.06,42-0002447,0,575.42,0
0,TRANSFER,17443.62,4361494344050786,-511.06,-17954.67,4935870912032891,3051.07,20494.69,0
0,PAYMENT,1046.21,4312183151204954,70.19,70.19,35-0003116,0,0,0
0,PAYMENT,585.8,4511018259679153,39.1,39.1,78-0002277,0,0,0
0,PAYMENT,700.8,4866910694611760,43.1,-657.7,63-0002150,574.8,1275.6,0
0,TRANSFER,16959.07,4866910694611760,-657.7,-17616.77,4276476378240544,52926.65,69885.72,0
0,PAYMENT,596.42,4310887641554388,79.37,-517.05,67-0006701,0,596.42,0
0,TRANSFER,17972.21,4310887641554388,-517.05,-18489.26,4460493103081412,15.32,17987.53,0
0,PAYMENT,543.23,4328869458305591,609018.25,608475.03,45-0006874,0,543.23,0
0,TRANSFER,25063.12,4328869458305591,608475.03,583411.91,4451897663544190,556.33,25619.44,0
0,PAYMENT,533.57,4465780204864976,32.42,-501.15,27-0007594,0,533.57,0
0,TRANSFER,19769.43,4465780204864976,-501.15,-20270.58,4237405605715794,96.56,19865.99,0
0,PAYMENT,608.33,4594509253462554,97.22,97.22,48-0007045,0,0,0
0,PAYMENT,535,4972332906416733,10.75,-524.25,32-0006588,0,535,0
0,TRANSFER,16959.07,4972332906416733,-524.25,-17483.32,4189733757628178,1.9,16960.97,1
0,PAYMENT,535.87,4602976845284806,72.78,-463.08,33-0009241,0,535.87,0
0,TRANSFER,32949.05,4602976845284806,-463.08,-33412.13,4360812649963679,50.77,32999.82,0
0,PAYMENT,539.45,4987600595262409,90.48,90.48,20-0008462,0,0,0
0,PAYMENT,567.49,4545892887011520,18.78,18.78,37-0007367,0,0,0
0,PAYMENT,599.37,4157013680724172,64.05,64.05,76-0009342,0,0,0
0,PAYMENT,538.49,4974472529190279,48.71,48.71,63-0004780,0,0,0
0,PAYMENT,561.67,4593253839076023,85.32,85.32,58-0008858,0,0,0
0,PAYMENT,538.49,4728716277117648,53.13,53.13,90-0004082,0,0,0
0,PAYMENT,545.85,4000744787090575,38.56,38.56,27-0009420,0,0,0
0,PAYMENT,784.66,4642542152697105,65.42,65.42,34-0008949,0,0,0
0,PAYMENT,563.35,4044306002942119,26.8,26.8,87-0005534,0,0,0
0,PAYMENT,598.24,4418542266267888,95.88,-502.37,94-0004890,609.39,1207.63,0
0,TRANSFER,21966.03,4418542266267888,-502.37,-22468.4,4084156471915414,30767,52733.03,0
0,PAYMENT,622.93,4510106177215258,25240.09,24617.16,38-0001797,0,622.93,0
0,TRANSFER,16896.95,4510106177215258,24617.16,7720.21,4245595992720918,103872.46,120769.41,1
0,PAYMENT,876,4203398380389978,94.32,94.32,04-0002656,0,0,0
0,PAYMENT,611.81,4351749318287124,25.28,25.28,03-0005659,0,0,0
0,PAYMENT,1167.99,4197599547580932,64.04,-1103.95,68-0007126,0,1167.99,0
0,TRANSFER,16919.78,4197599547580932,-1103.95,-18023.74,4718755975547096,59.69,16979.47,0
0,PAYMENT,538.05,4831424060126447,2.57,-535.48,65-0005424,0,538.05,0
0,TRANSFER,21966.03,4831424060126447,-535.48,-22501.52,4382792927918740,24.9,21990.93,0
0,PAYMENT,581.23,4207254267086797,36.49,-544.74,52-0002408,0,581.23,0
0,TRANSFER,16908.07,4207254267086797,-544.74,-17452.81,4577221505481967,11.98,16920.05,1
0,PAYMENT,609.39,4888788885216050,32.44,-576.95,12-0001697,0,609.39,0
0,TRANSFER,39869.27,4888788885216050,-576.95,-576.95,4459175057688259,82.98,82.98,0
0,PAYMENT,596.42,4752241738640848,94.54,94.54,61-0002179,0,0,0
0,PAYMENT,553.88,4089769092833462,121454.02,120900.14,94-0003145,0,553.88,0
0,TRANSFER,16817.74,4089769092833462,120900.14,104082.4,4907092027942203,49732.63,66550.38,1
0,PAYMENT,568.12,4708711462713925,42191.36,41623.24,72-0001103,0,568.12,0
0,TRANSFER,17847.4,4708711462713925,41623.24,23775.83,4422637099528052,4.99,17852.4,1
0,PAYMENT,566.7,4018963170243381,48.98,48.98,67-0001276,0,0,0
0,PAYMENT,580.67,4349220949060731,383.76,383.76,58-0002265,0,0,0
0,PAYMENT,574.56,4728819723712663,108048.4,107473.84,16-0000865,0,574.56,0
0,TRANSFER,24018.82,4728819723712663,107473.84,83455.02,4413216946497869,39.47,24058.29,0
0,PAYMENT,611.81,4368341349345542,94.92,-516.89,53-0000087,0,611.81,0
0,TRANSFER,19585.15,4368341349345542,-516.89,-20102.03,4788537522841460,93.25,19678.4,0
0,PAYMENT,534.24,4776934033853577,10736.46,10202.22,52-0002513,0,534.24,0
0,TRANSFER,16817.74,4776934033853577,10202.22,-6615.53,4199382627895084,87.07,16904.81,0
0,PAYMENT,562.58,4186688394884514,50167.21,49604.63,16-0004294,0,562.58,0
0,TRANSFER,19611.79,4186688394884514,49604.63,29992.84,4873167763459255,69.24,19681.03,1
0,PAYMENT,588.5,4054484483073667,37.9,-550.6,42-0006577,0,588.5,0
0,TRANSFER,16919.78,4054484483073667,-550.6,-17470.38,4439816159035767,3624.59,20544.37,1
0,PAYMENT,601.17,4514951181078952,377134.05,376532.88,35-0003116,0,601.17,0
0,TRANSFER,19847.01,4514951181078952,376532.88,356685.87,4450386849112339,35.47,19882.48,0
0,PAYMENT,534.24,4795694933792922,44.68,44.68,99-0008723,0,0,0
0,PAYMENT,546.89,4702130648028064,20.31,-526.57,58-0006404,0,546.89,0
0,TRANSFER,23612.7,4702130648028064,-526.57,-24139.28,4975862404556058,35.11,23647.82,0
0,PAYMENT,876,4808903733513098,32.32,32.32,82-0008880,0,0,0
0,PAYMENT,581.49,4364088148811208,112550.13,111968.64,06-0009688,0,581.49,0
0,TRANSFER,32949.05,4364088148811208,111968.64,79019.59,4802054365730976,823727.79,856676.84,1
0,PAYMENT,613.2,4275447366099003,30242.22,29629.02,27-0009420,0,613.2,0
0,TRANSFER,16932.15,4275447366099003,29629.02,12696.87,4127132390205038,43072.9,60005.05,1
0,PAYMENT,564.03,4652844909677761,255134.3,254570.27,11-0008470,0,564.03,0
0,TRANSFER,16908.07,4652844909677761,254570.27,237662.2,4369368190919900,7.58,16915.65,1
0,PAYMENT,549.85,4351506919124985,98.8,98.8,10-0001499,0,0,0
0,PAYMENT,697.48,4426995553548255,14.47,14.47,33-0003213,0,0,0
0,PAYMENT,598.6,4309101289867778,111194.75,110596.15,91-0009031,0,598.6,0
0,TRANSFER,23434.01,4309101289867778,110596.15,87162.14,4018054781035976,12441.71,35875.73,1
0,PAYMENT,538.49,4752474312467052,65.77,65.77,34-0006695,0,0,0
0,PAYMENT,538.49,4177863271561375,41998.93,41460.43,64-0003419,0,538.49,0
0,TRANSFER,17190.81,4177863271561375,41460.43,24269.63,4892268721849228,5080.92,22271.73,1
0,PAYMENT,653.88,4872305775592280,39.68,39.68,58-0007060,0,0,0
0,PAYMENT,584.73,4721817530683603,73.13,-511.59,06-0007993,0,584.73,0
0,TRANSFER,25271.98,4721817530683603,-511.59,-25783.57,4548120459425259,22334.51,47606.49,1
0,PAYMENT,570.66,4691620286142394,15.4,15.4,06-0002121,0,0,0
0,PAYMENT,546.73,4807632392982440,70.25,70.25,36-0006491,0,0,0
0,PAYMENT,620.5,4818972772815324,19827.63,19207.14,55-0003164,0,620.5,0
0,TRANSFER,18533.84,4818972772815324,19207.14,673.3,4834652986197210,274354.38,292888.22,1
0,PAYMENT,575.58,4936369013446687,71.89,-503.7,44-0009976,0,575.58,0
0,TRANSFER,19952.86,4936369013446687,-503.7,-20456.56,4280534704932277,19801.34,39754.2,0
0,PAYMENT,587.55,4998340796695084,32.05,32.05,77-0002182,536.87,536.87,0
0,PAYMENT,552.4,4119514227249927,4.37,-548.03,05-0003874,0,552.4,0
0,TRANSFER,17005.96,4119514227249927,-548.03,-17553.99,4890667013526844,31.16,17037.12,0
0,PAYMENT,604.14,4558544039123869,0.38,0.38,32-0000052,0,0,0
0,PAYMENT,582.49,4471288259817883,16.02,-566.47,30-0001646,0,582.49,0
0,TRANSFER,46134.44,4471288259817883,-566.47,-46700.91,4349787616823070,20.49,46154.93,1
0,PAYMENT,560.04,4690928465314648,57.34,-502.69,14-0008720,0,560.04,0
0,TRANSFER,17847.4,4690928465314648,-502.69,-18350.09,4694894844412600,47.65,17895.05,0
0,PAYMENT,546.2,4378887669411445,0.82,-545.38,52-0009462,0,546.2,0
0,TRANSFER,17190.81,4378887669411445,-545.38,-17736.19,4952632396281974,78.02,17268.83,0
0,PAYMENT,575.58,4184757284096653,95.53,95.53,53-0000087,611.81,611.81,0
0,PAYMENT,597.9,4946701648744458,86.5,86.5,58-0003882,0,0,0
0,PAYMENT,653.88,4338961119744397,39070.57,38416.68,74-0004865,0,653.88,0
0,TRANSFER,17504.18,4338961119744397,38416.68,20912.5,4850367574777989,34.66,17538.84,0
0,PAYMENT,598.6,4394125768573264,11478.39,10879.79,38-0002077,0,598.6,0
0,TRANSFER,17259.03,4394125768573264,10879.79,10879.79,4885927983026986,58.12,58.12,1
0,PAYMENT,614.73,4999119645871982,46.82,-567.92,84-0006290,0,614.73,0
0,TRANSFER,17042.61,4999119645871982,-567.92,-17610.53,4766391040609553,71.46,17114.08,1
0,PAYMENT,601.17,4669898700767578,93.6,93.6,37-0007687,0,0,0
0,PAYMENT,600.68,4588833984623328,77.18,-523.51,10-0003573,0,600.68,0
0,TRANSFER,43251.04,4588833984623328,-523.51,-43774.54,4678178254619536,876892.4,920143.43,0
0,PAYMENT,538.96,4748996673931117,121489.18,120950.22,05-0007461,0,538.96,0
0,TRANSFER,16896.95,4748996673931117,120950.22,104053.27,4978818277460536,73.76,16970.71,1
0,PAYMENT,622.93,4679342436262636,49.97,-572.96,73-0006446,0,622.93,0
0,TRANSFER,17847.4,4679342436262636,-572.96,-18420.36,4065963350269018,16389.92,34237.32,1
0,PAYMENT,560.39,4292954513567542,2134.34,1573.95,84-0001342,0,560.39,0
0,TRANSFER,16848.95,4292954513567542,1573.95,1573.95,4190589381744626,22.15,22.15,1
0,PAYMENT,536.87,4601807144347914,56.42,56.42,11-0000483,0,0,0
0,PAYMENT,601.17,4179733991776587,13.93,-587.24,25-0003892,0,601.17,0
0,TRANSFER,29894.37,4179733991776587,-587.24,-587.24,4074606785860906,13780.24,13780.24,1
0,PAYMENT,643.51,4862000927996115,104141.29,103497.78,57-0008422,0,643.51,0
0,TRANSFER,23973.41,4862000927996115,103497.78,79524.37,4716108810850006,95625.52,119598.93,1
0,PAYMENT,551.82,4705230375275750,240.85,-310.97,40-0005940,0,551.82,0
0,TRANSFER,23443.39,4705230375275750,-310.97,-23754.36,4217853526847713,88.49,23531.88,1
0,PAYMENT,537.25,4652905970671577,58.54,58.54,25-0002776,0,0,0
0,PAYMENT,606.38,4636667644652877,313644.15,313037.77,62-0003110,0,606.38,0
0,TRANSFER,24711.79,4636667644652877,313037.77,288325.98,4744721989193325,658.44,25370.23,1
0,PAYMENT,545.72,4204361979531383,88.31,88.31,55-0004319,0,0,0
0,PAYMENT,577.51,4444310166198076,71.66,71.66,63-0009486,0,0,0
0,PAYMENT,596.42,4525601518876894,23236.86,22640.43,03-0006877,0,596.42,0
0,TRANSFER,32949.05,4525601518876894,22640.43,-10308.62,4173374938842285,34.81,32983.86,0
0,PAYMENT,581.23,4671597654427280,82.19,-499.05,01-0004106,0,581.23,0
0,TRANSFER,16810.74,4671597654427280,-499.05,-17309.79,4769111094416300,95857.86,112668.6,0
0,PAYMENT,610.54,4002413290363865,5.43,5.43,68-0004952,0,0,0
0,PAYMENT,600.22,4921965834505358,1.06,1.06,56-0008191,0,0,0
0,PAYMENT,566.7,4902795038234155,51.36,51.36,84-0007473,0,0,0
0,PAYMENT,596.19,4135559207827168,61.81,-534.38,54-0003851,0,596.19,0
0,TRANSFER,19665.08,4135559207827168,-534.38,-20199.46,4954084734693528,29.92,19695.01,1
0,PAYMENT,581.23,4645008521935979,41.46,-539.77,72-0006622,0,581.23,0
0,TRANSFER,16989.35,4645008521935979,-539.77,-17529.13,4219537273813055,72333.44,89322.79,1
0,PAYMENT,574.56,4936369013446687,-20456.56,-21031.12,88-0009832,0,574.56,0
0,TRANSFER,19847.01,4936369013446687,-21031.12,-40878.14,4598138703914851,48081.84,67928.85,0
0,PAYMENT,599.37,4100474737014041,47585.52,46986.16,12-0002343,0,599.37,0
0,TRANSFER,17005.96,4100474737014041,46986.16,29980.19,4233725481791500,48.71,17054.67,0
0,PAYMENT,553.88,4549843933737283,16.14,16.14,45-0007529,0,0,0
0,PAYMENT,578.29,4560352727003336,38.84,38.84,74-0000278,0,0,0
0,PAYMENT,610.95,4721950861947477,160196.63,159585.68,60-0002340,0,610.95,0
0,TRANSFER,17084.69,4721950861947477,159585.68,142500.99,4863925758330555,38.99,17123.68,1
0,PAYMENT,577.89,4510999830007967,12836.69,12258.8,84-0001567,610.54,1188.43,0
0,TRANSFER,41940.4,4510999830007967,12258.8,12258.8,4901799389377721,35.03,35.03,1
0,PAYMENT,548.02,4629904337711655,42.22,42.22,04-0003052,0,0,0
0,PAYMENT,627.64,4674199978020888,22.74,22.74,26-0003255,0,0,0
0,PAYMENT,560.47,4633187599495134,16.34,16.34,06-0005095,0,0,0
0,PAYMENT,496.6,4918464278590295,56.39,-440.2,00-0001791,0,496.6,0
0,TRANSFER,16973.75,4918464278590295,-440.2,-17413.95,4407867352295003,38.43,17012.18,0
0,PAYMENT,1167.99,4004866344817608,31.81,-1136.19,21-0002790,0,1167.99,0
0,TRANSFER,40276.1,4004866344817608,-1136.19,-41412.29,4984965793194545,96.91,40373,0
0,PAYMENT,598.6,4053377773985148,73870.17,73271.57,04-0005781,0,598.6,0
0,TRANSFER,19804.33,4053377773985148,73271.57,53467.24,4791561337421362,23.97,19828.3,1
0,PAYMENT,541.79,4057148760076639,460919.49,460377.7,59-0001564,0,541.79,0
0,TRANSFER,16857.65,4057148760076639,460377.7,443520.05,4983858029022088,338389.02,355246.67,1
0,PAYMENT,574.56,4736858608206268,79896.56,79322,59-0007550,622.93,1197.49,0
0,TRANSFER,74701.5,4736858608206268,79322,4620.5,4280957507109605,19.44,74720.93,1
0,PAYMENT,599.37,4690774804645858,21112.3,20512.94,90-0004505,0,599.37,0
0,TRANSFER,23563.61,4690774804645858,20512.94,-3050.68,4583789206731916,10092.14,33655.75,0
0,PAYMENT,572.76,4395496313590940,213909.86,213337.1,64-0003578,0,572.76,0
0,TRANSFER,19611.79,4395496313590940,213337.1,193725.31,4411284843154936,42471.62,62083.42,1
0,PAYMENT,565.83,4244113887143468,252.91,-312.92,52-0005565,0,565.83,0
0,TRANSFER,39771.07,4244113887143468,-312.92,-40083.98,4924390695816488,69.32,39840.38,1
0,PAYMENT,876,4909981346276269,79.72,-796.28,71-0006393,0,876,0
0,TRANSFER,73718.59,4909981346276269,-796.28,-74514.87,4281895171895365,77.07,73795.66,0
0,PAYMENT,545.85,4280763605928593,45698.15,45152.3,26-0002320,0,545.85,0
0,TRANSFER,23022.54,4280763605928593,45152.3,22129.76,4525944609561078,14.45,23036.98,1
0,PAYMENT,583.18,4461246699944164,19976.68,19393.5,80-0005651,0,583.18,0
0,TRANSFER,17062.9,4461246699944164,19393.5,2330.6,4700727591030476,302550.86,319613.76,1
0,PAYMENT,591.43,4297829110249725,0.8,-590.63,66-0006524,0,591.43,0
0,TRANSFER,16804.02,4297829110249725,-590.63,-17394.64,4709553936909765,48.73,16852.74,0
0,PAYMENT,625.63,4803185462514431,75358.03,74732.4,14-0007056,0,625.63,0
0,TRANSFER,16945.23,4803185462514431,74732.4,57787.17,4691674982483602,151996.98,168942.21,0
0,PAYMENT,619.38,4681675803755419,35173.89,34554.51,81-0007296,0,619.38,0
0,TRANSFER,17005.96,4681675803755419,34554.51,17548.55,4787866737032321,21833.76,38839.72,1
0,PAYMENT,563.35,4465296161781947,90.72,90.72,13-0009314,0,0,0
0,PAYMENT,533.57,4502539869978421,24685.09,24151.52,65-0001625,537.64,1071.21,0
0,TRANSFER,16973.75,4502539869978421,24151.52,7177.77,4086501396146306,28395.05,45368.8,1
0,PAYMENT,566.49,4364587298642255,51.02,51.02,87-0002366,0,0,0
0,PAYMENT,575.31,4945036349408140,4.02,4.02,50-0005022,0,0,0
0,PAYMENT,586.53,4681425361765149,73.24,-513.29,44-0007396,0,586.53,0
0,TRANSFER,21583.63,4681425361765149,-513.29,-22096.92,4727556258697940,15.91,21599.54,1
0,PAYMENT,589.88,4079612322465113,63253.27,62663.39,32-0002978,0,589.88,0
0,TRANSFER,23453.16,4079612322465113,62663.39,39210.23,4218704236049505,18.68,23471.84,1
0,PAYMENT,628.92,4881867870111141,70.52,70.52,75-0007547,0,0,0
0,PAYMENT,583.18,4655532776523930,73.08,73.08,75-0000037,507.63,507.63,0
0,PAYMENT,614.73,4317417951558499,85.46,85.46,62-0004103,0,0,0
0,PAYMENT,844.61,4591320315757657,57.16,-787.45,15-0000183,0,844.61,0
0,TRANSFER,18121.98,4591320315757657,-787.45,-18909.43,4617477986919667,41.87,18163.85,0
0,PAYMENT,607.36,4462785457109659,54.1,54.1,65-0005025,0,0,0
0,PAYMENT,533.57,4444500836860531,72.04,-461.53,93-0005833,0,533.57,0
0,TRANSFER,30632.7,4444500836860531,-461.53,-31094.23,4946635541139863,34.77,30667.47,0
0,PAYMENT,653.88,4840233956301330,69424.23,68770.34,20-0009360,0,653.88,0
0,TRANSFER,24889.07,4840233956301330,68770.34,43881.28,4881750430082483,86.81,24975.88,1
0,PAYMENT,633.45,4730469513974168,90521.2,89887.75,53-0008568,0,633.45,0
0,TRANSFER,17160.96,4730469513974168,89887.75,72726.79,4946589508818706,77.42,17238.39,0
0,PAYMENT,585.59,4479579570357803,40762.2,40176.61,05-0003644,0,585.59,0
0,TRANSFER,24711.79,4479579570357803,40176.61,15464.82,4445000228536913,90.6,24802.39,0
0,PAYMENT,544.03,4041799369848601,32.35,32.35,54-0007864,0,0,0
0,PAYMENT,601.17,4696752307320421,90.79,90.79,85-0003631,0,0,0
0,PAYMENT,548.29,4707278667143879,8.13,-540.16,80-0003764,0,548.29,0
0,TRANSFER,18828.03,4707278667143879,-540.16,-19368.19,4712091385273172,15310.22,34138.25,0
0,PAYMENT,536.52,4297313894737643,46.89,46.89,05-0006465,0,0,0
0,PAYMENT,534.48,4704674523952912,77.97,77.97,14-0003016,0,0,0
0,PAYMENT,548.02,4783350302902790,395345.3,394797.28,78-0009169,0,548.02,0
0,TRANSFER,16919.78,4783350302902790,394797.28,377877.5,4593339008340389,42.86,16962.64,1
0,PAYMENT,545.95,4090909543564137,271478.69,270932.73,75-0002287,0,545.95,0
0,TRANSFER,27521.8,4090909543564137,270932.73,243410.93,4007134648488825,81.95,27603.75,1
0,PAYMENT,560.17,4977311491834471,56.52,56.52,72-0001197,0,0,0
0,PAYMENT,575.58,4313679028207590,46.57,46.57,83-0005728,0,0,0
0,PAYMENT,560.47,4114632219006850,6525.88,5965.41,39-0006153,0,560.47,0
0,TRANSFER,21317.16,4114632219006850,5965.41,-15351.75,4890468680839846,75.66,21392.82,0
0,PAYMENT,1167.99,4062492296344159,77.08,77.08,20-0006246,0,0,0
0,PAYMENT,536.87,4760544156448564,0.43,0.43,71-0004200,0,0,0
0,PAYMENT,563.35,4000744787090575,38.56,38.56,27-0005820,0,0,0
0,PAYMENT,594.95,4297275895733964,730178.05,729583.1,54-0003282,0,594.95,0
0,TRANSFER,17108.16,4297275895733964,729583.1,712474.94,4940661040099511,147192.21,164300.37,0
0,PAYMENT,555.8,4807078372952229,30.23,-525.58,95-0000262,0,555.8,0
0,TRANSFER,44852.92,4807078372952229,-525.58,-525.58,4299947189234432,73.04,73.04,0
0,PAYMENT,551.29,4359752444310283,29.88,-521.4,13-0002682,0,551.29,0
0,TRANSFER,16866.78,4359752444310283,-521.4,-17388.18,4419092992591028,16.45,16883.22,1
0,PAYMENT,549.26,4582368911772969,65.42,-483.84,40-0001371,0,549.26,0
0,TRANSFER,40706.86,4582368911772969,-483.84,-41190.7,4531192831062406,8.01,40714.87,0
0,PAYMENT,581.84,4811504816954186,36.05,36.05,74-0002929,0,0,0
0,PAYMENT,555.8,4987993197375855,39.29,39.29,40-0008713,0,0,0
0,PAYMENT,580.13,4764528184035358,2.5,2.5,98-0004120,0,0,0
0,PAYMENT,526.02,4727358124969003,11518.92,10992.9,37-0003497,0,526.02,0
0,TRANSFER,17005.96,4727358124969003,10992.9,10992.9,4384268216397316,31248.51,31248.51,1
0,PAYMENT,522.91,4209140850526737,6.31,6.31,36-0003426,0,0,0
0,PAYMENT,537.25,4554806546871924,60.1,60.1,22-0008899,0,0,0
0,PAYMENT,575.7,4875156002560948,432998.34,432422.64,61-0002179,0,575.7,0
0,TRANSFER,19585.15,4875156002560948,432422.64,412837.49,4153134269620112,93069.7,112654.84,1
0,PAYMENT,542.48,4780363753481001,72640.98,72098.5,20-0004354,0,542.48,0
0,TRANSFER,16973.75,4780363753481001,72098.5,55124.74,4538974547315654,7.19,16980.94,1
0,PAYMENT,607.36,4534752564262056,123470.1,122862.74,62-0003780,0,607.36,0
0,TRANSFER,16866.78,4534752564262056,122862.74,105995.97,4636669942332830,247607.1,264473.88,1
0,PAYMENT,604.14,4715355763834104,74.96,74.96,61-0007652,0,0,0
0,PAYMENT,534.01,4548290056678996,47547.71,47013.71,13-0001328,0,534.01,0
0,TRANSFER,16810.74,4548290056678996,47013.71,30202.97,4828478243166220,46368.87,63179.61,1
0,PAYMENT,541.15,4487809629532100,49.52,49.52,13-0005967,0,0,0
0,PAYMENT,533.78,4912396775913636,46.87,46.87,74-0002929,0,0,0
0,PAYMENT,596.42,4116793532153254,71.25,71.25,14-0007347,0,0,0
0,PAYMENT,541.79,4993074199369808,74.81,74.81,11-0004692,0,0,0
0,PAYMENT,502.9,4680525801008876,20040.11,19537.21,64-0004717,0,502.9,0
0,TRANSFER,16973.75,4680525801008876,19537.21,2563.45,4837768988487479,20.93,16994.69,0
0,PAYMENT,549.03,4272595009614449,39.68,39.68,83-0008193,0,0,0
0,PAYMENT,602.84,4624368626679079,297020.83,296417.99,90-0002659,0,602.84,0
0,TRANSFER,21966.03,4624368626679079,296417.99,274451.96,4351228855296699,30832.76,52798.8,0
0,PAYMENT,534.24,4092379619684060,38170.45,37636.21,92-0008937,0,534.24,0
0,TRANSFER,19824.96,4092379619684060,37636.21,17811.25,4633552282887022,103709.42,123534.38,1
0,PAYMENT,627.73,4731263761341793,752943.26,752315.54,06-0006210,0,627.73,0
0,TRANSFER,73940.97,4731263761341793,752315.54,678374.57,4092006252171416,104903.19,178844.16,0
0,PAYMENT,557.98,4114217484473017,55.86,-502.12,71-0008588,0,557.98,0
0,TRANSFER,208723.77,4114217484473017,-502.12,-502.12,4540545372926876,47626.02,47626.02,0
0,PAYMENT,544.03,4040725119671291,82558.99,82014.96,48-0006306,0,544.03,0
0,TRANSFER,17572.83,4040725119671291,82014.96,64442.13,4238635398792852,10156.85,27729.67,0
0,PAYMENT,569.53,4297910231785027,90455.78,89886.25,27-0008734,0,569.53,0
0,TRANSFER,75608.81,4297910231785027,89886.25,14277.44,4672646618299662,8.4,75617.21,1
0,PAYMENT,542.48,4829523669935498,61.05,-481.43,65-0009847,0,542.48,0
0,TRANSFER,19576.99,4829523669935498,-481.43,-20058.42,4347414975588093,80.9,19657.89,0
0,PAYMENT,534.24,4528234633939285,946946.31,946412.07,05-0009064,0,534.24,0
0,TRANSFER,16840.63,4528234633939285,946412.07,929571.44,4871358273435487,92.35,16932.98,1
0,PAYMENT,604.85,4947480300452903,52.4,-552.46,01-0008134,0,604.85,0
0,TRANSFER,25580.6,4947480300452903,-552.46,-552.46,4052377949270541,89.88,89.88,0
0,PAYMENT,515.91,4040719176719499,-17575.76,-18091.67,95-0001874,0,515.91,0
0,TRANSFER,19769.43,4040719176719499,-18091.67,-18091.67,4372817054807325,71.17,71.17,1
0,PAYMENT,564.88,4851437222528685,68.85,68.85,77-0000067,0,0,0
0,PAYMENT,598.6,4207043115768866,18203.71,17605.11,87-0003870,0,598.6,0
0,TRANSFER,23563.61,4207043115768866,17605.11,17605.11,4459653495538674,20064.6,20064.6,1
0,PAYMENT,578.71,4670400331401904,196852.59,196273.88,53-0004353,0,578.71,0
0,TRANSFER,19749.73,4670400331401904,196273.88,176524.15,4102195884932655,67.53,19817.26,0
0,PAYMENT,627.64,4111139055243673,84.51,-543.13,91-0004092,0,627.64,0
0,TRANSFER,16945.23,4111139055243673,-543.13,-17488.36,4965046885668390,99240.9,116186.13,0
0,PAYMENT,611.81,4484865235560649,81.55,-530.26,61-0009130,0,611.81,0
0,TRANSFER,39869.27,4484865235560649,-530.26,-530.26,4235870499473986,29.61,29.61,1
0,PAYMENT,548.02,4295767119802627,68.39,68.39,55-0008384,0,0,0
0,PAYMENT,544.9,4018160405822903,97.55,97.55,76-0009342,0,0,0
0,PAYMENT,577.51,4669502198843129,26.77,26.77,15-0002781,0,0,0
0,PAYMENT,613.2,4323143989871330,59456.18,58842.98,81-0009357,0,613.2,0
0,TRANSFER,16866.78,4323143989871330,58842.98,41976.21,4479240395531581,17397.27,34264.04,0
0,PAYMENT,568.12,4360679107729532,89.63,89.63,71-0001515,0,0,0
0,PAYMENT,566.03,4915308660903280,31412.14,30846.12,92-0001992,0,566.03,0
0,TRANSFER,16973.75,4915308660903280,30846.12,13872.37,4785137050659872,82.48,17056.23,0
0,PAYMENT,625.71,4048282809605256,199539.69,198913.98,85-0002956,0,625.71,0
0,TRANSFER,16896.95,4048282809605256,198913.98,182017.03,4853728303266015,21271.02,38167.97,0
0,PAYMENT,541.79,4157041374340237,12.32,12.32,82-0000588,0,0,0
0,PAYMENT,600.68,4127060465017196,5513.19,4912.51,04-0000928,0,600.68,0
0,TRANSFER,16945.23,4127060465017196,4912.51,-12032.72,4819498626378755,658.02,17603.25,0
0,PAYMENT,620.5,4926239602145663,103535.88,102915.38,20-0003699,0,620.5,0
0,TRANSFER,23795.04,4926239602145663,102915.38,79120.34,4988116458527969,10755.92,34550.96,1
0,PAYMENT,535,4643699983896048,92.17,-442.82,74-0008731,0,535,0
0,TRANSFER,16832.67,4643699983896048,-442.82,-17275.49,4700842830675286,641.56,17474.23,0
0,PAYMENT,609.39,4525280288636927,44.79,-564.6,86-0004306,0,609.39,0
0,TRANSFER,17443.62,4525280288636927,-564.6,-18008.21,4256940127456085,37412.78,54856.39,0
0,PAYMENT,610.29,4188339724062763,96531.56,95921.27,25-0006603,0,610.29,0
0,TRANSFER,17341.61,4188339724062763,95921.27,78579.66,4427209392246199,280079.05,297420.65,0
0,PAYMENT,547.94,4567157040333309,88.69,88.69,02-0000771,0,0,0
0,PAYMENT,597.58,4170399150781708,18884.65,18287.07,80-0003871,0,597.58,0
0,TRANSFER,19952.86,4170399150781708,18287.07,18287.07,4292552284086393,85.18,85.18,1
0,PAYMENT,681.33,4290810018628670,224.81,-456.52,46-0003623,0,681.33,0
0,TRANSFER,27489.07,4290810018628670,-456.52,-456.52,4161031164857056,17.75,17.75,0
0,PAYMENT,545.85,4684974907301924,72868.73,72322.88,98-0006908,0,545.85,0
0,TRANSFER,17160.96,4684974907301924,72322.88,55161.92,4132076585767562,102.49,17263.46,1
0,PAYMENT,534.01,4173529923576186,33.44,33.44,56-0006255,0,0,0
0,PAYMENT,609.39,4677837585895062,44147.14,43537.75,74-0003837,0,609.39,0
0,TRANSFER,16973.75,4677837585895062,43537.75,26564,4376216934081621,46.71,17020.46,1
0,PAYMENT,570.66,4043779104514674,35.86,35.86,27-0005185,0,0,0
0,PAYMENT,498.01,4224110633778229,27.44,-470.57,68-0001498,0,498.01,0
0,TRANSFER,39457.09,4224110633778229,-470.57,-470.57,4687152051690940,87.51,87.51,0
0,PAYMENT,1167.99,4516500920145107,80.76,80.76,04-0007304,0,0,0
0,PAYMENT,667.43,4700258473366390,49.83,-617.59,60-0000245,0,667.43,0
0,TRANSFER,24615.56,4700258473366390,-617.59,-25233.15,4111388883589282,27.83,24643.39,0
0,PAYMENT,563.27,4621652448066927,114859.23,114295.96,10-0008504,0,563.27,0
0,TRANSFER,20929.58,4621652448066927,114295.96,93366.38,4373641353738661,2.48,20932.05,1
0,PAYMENT,583.18,4471288259817883,-46700.91,-47284.09,11-0004537,0,583.18,0
0,TRANSFER,41191.46,4471288259817883,-47284.09,-88475.55,4031151094693104,20.24,41211.7,1
0,PAYMENT,598.6,4113111514927327,16.61,-581.99,30-0000476,0,598.6,0
0,TRANSFER,19824.96,4113111514927327,-581.99,-20406.95,4706749346308852,64.04,19889,1
0,PAYMENT,600.68,4523535168695935,57.99,57.99,83-0004630,0,0,0
0,PAYMENT,632.66,4655327450696650,138.05,138.05,64-0000401,0,0,0
0,PAYMENT,578.71,4876358171489425,72.24,-506.47,68-0006514,0,578.71,0
0,TRANSFER,16804.02,4876358171489425,-506.47,-17310.49,4261459373017734,133657.19,150461.21,0
0,PAYMENT,536.19,4407341342690228,1954.39,1418.2,43-0009318,0,536.19,0
0,TRANSFER,17389.78,4407341342690228,1418.2,1418.2,4226381668254984,76.19,76.19,1
0,PAYMENT,568.8,4243708725529421,16464.88,15896.08,73-0001269,0,568.8,0
0,TRANSFER,21926.23,4243708725529421,15896.08,15896.08,4696393497610550,7.97,7.97,1
0,PAYMENT,622.93,4917670812417057,56.98,-565.95,33-0008922,0,622.93,0
0,TRANSFER,17572.83,4917670812417057,-565.95,-18138.78,4451201175621762,19991.42,37564.25,1
0,PAYMENT,576.48,4478698216404679,20.74,20.74,36-0002528,0,0,0
0,PAYMENT,537.64,4820701362737051,39.27,39.27,78-0005314,0,0,0
0,PAYMENT,588.5,4804448292778819,83.43,83.43,88-0002094,0,0,0
0,PAYMENT,566.49,4274753432127269,73911.78,73345.29,39-0005438,0,566.49,0
0,TRANSFER,16886.39,4274753432127269,73345.29,56458.9,4986366665728056,260524.03,277410.42,0
0,PAYMENT,610.54,4278882629046036,91.02,91.02,75-0003942,0,0,0
0,PAYMENT,597.84,4269371285167220,1045.86,448.02,62-0009979,0,597.84,0
0,TRANSFER,17572.83,4269371285167220,448.02,-17124.81,4839403956144724,14787.54,32360.37,0
0,PAYMENT,604.14,4247037553739399,98.61,98.61,66-0000855,0,0,0
0,PAYMENT,577.51,4379164694585166,72.43,72.43,04-0004822,0,0,0
0,PAYMENT,534.73,4628721256038642,18070.86,17536.13,00-0007730,0,534.73,0
0,TRANSFER,45949.05,4628721256038642,17536.13,17536.13,4462733593865305,8.48,8.48,1
0,PAYMENT,632.66,4979548947043037,390037.78,389405.11,68-0003530,0,632.66,0
0,TRANSFER,19847.01,4979548947043037,389405.11,369558.1,4768922570871326,66.71,19913.73,1
0,PAYMENT,588.41,4957389251358935,79.14,79.14,13-0005199,0,0,0
0,PAYMENT,604.14,4445409869669331,86.44,-517.69,26-0003354,0,604.14,0
0,TRANSFER,16817.74,4445409869669331,-517.69,-17335.44,4838241285690186,95.29,16913.04,0
0,PAYMENT,591.22,4245289584770578,56.24,-534.98,62-0002959,0,591.22,0
0,TRANSFER,17108.16,4245289584770578,-534.98,-17643.15,4662394302123912,47033.05,64141.21,0
0,PAYMENT,564.44,4326035413681763,27967.11,27402.67,11-0000483,0,564.44,0
0,TRANSFER,19220.28,4326035413681763,27402.67,8182.4,4222837628427881,94061.95,113282.23,0
0,PAYMENT,562.58,4212218839112939,45.05,45.05,40-0002172,0,0,0
0,PAYMENT,606.46,4625956061888285,58.74,-547.72,37-0006226,0,606.46,0
0,TRANSFER,17190.81,4625956061888285,-547.72,-17738.53,4466659316877358,11492.84,28683.65,1
0,PAYMENT,640.72,4245844001644663,14.81,-625.91,04-0009107,0,640.72,0
0,TRANSFER,17023.68,4245844001644663,-625.91,-17649.58,4810065246702273,64.04,17087.71,0
0,PAYMENT,606.46,4973452548448545,5.32,5.32,24-0002350,0,0,0
0,PAYMENT,1046.21,4336439606861109,148312.89,147266.67,13-0003218,0,1046.21,0
0,TRANSFER,17108.16,4336439606861109,147266.67,130158.51,4486122168481874,194232.84,211341.01,1
0,PAYMENT,604.1,4113742282279374,12.01,-592.1,27-0003802,0,604.1,0
0,TRANSFER,17223.37,4113742282279374,-592.1,-17815.46,4937147863736392,76.5,17299.87,0
0,PAYMENT,563.35,4490234650584513,20680.99,20117.65,38-0009624,0,563.35,0
0,TRANSFER,17160.96,4490234650584513,20117.65,2956.68,4133841609717789,76.17,17237.13,0
0,PAYMENT,563.35,4543325721236047,101581.36,101018.02,15-0001691,0,563.35,0
0,TRANSFER,19642.24,4543325721236047,101018.02,81375.77,4455580443741056,33.94,19676.18,0
0,PAYMENT,562.91,4192469241986683,22.91,-540.01,86-0001377,0,562.91,0
0,TRANSFER,17298.25,4192469241986683,-540.01,-17838.26,4175627779710533,45316.99,62615.24,0
0,PAYMENT,581.23,4403847557466678,30.02,30.02,45-0007529,0,0,0
0,PAYMENT,535.87,4375220389756928,88.99,88.99,91-0004092,627.64,627.64,0
0,PAYMENT,565.83,4896070777407497,17.21,-548.62,91-0002013,0,565.83,0
0,TRANSFER,17160.96,4896070777407497,-548.62,-17709.58,4034757214017086,21.25,17182.21,0
0,PAYMENT,541.15,4976782258580021,4.47,-536.68,59-0005794,0,541.15,0
0,TRANSFER,23453.16,4976782258580021,-536.68,-23989.83,4913281412733499,74.66,23527.82,0
0,PAYMENT,537.64,4901805369620228,1045.8,508.16,90-0008445,0,537.64,0
0,TRANSFER,19766.82,4901805369620228,508.16,508.16,4626341076774656,17907.4,17907.4,1
0,PAYMENT,507.63,4003017958059167,97.43,-410.2,78-0008591,0,507.63,0
0,TRANSFER,31001.56,4003017958059167,-410.2,-410.2,4411913223481739,8.5,8.5,1
0,PAYMENT,570.66,4277315070261276,37.27,-533.39,12-0003737,0,570.66,0
0,TRANSFER,16817.74,4277315070261276,-533.39,-17351.14,4283260990739179,66.64,16884.39,0
0,PAYMENT,572.76,4468315675118623,46347.68,45774.91,88-0002989,0,572.76,0
0,TRANSFER,16908.07,4468315675118623,45774.91,28866.85,4109786867318483,213448.17,230356.24,1
0,PAYMENT,574.56,4935795531542931,5040.3,4465.74,14-0001701,0,574.56,0
0,TRANSFER,23453.16,4935795531542931,4465.74,-18987.42,4986354815897898,131515.36,154968.52,0
0,PAYMENT,594.35,4917129472196808,34.73,34.73,52-0000326,0,0,0
0,PAYMENT,577.89,4510952618736786,93.5,-484.38,83-0004950,0,577.89,0
0,TRANSFER,19718.38,4510952618736786,-484.38,-20202.76,4491700093579392,85.88,19804.26,0
0,PAYMENT,575.42,4524833458170217,78.43,-496.99,81-0006579,697.48,1272.89,0
0,TRANSFER,16959.07,4524833458170217,-496.99,-17456.06,4221409072682493,6.16,16965.23,0
0,PAYMENT,535.56,4020705840310470,1.53,1.53,72-0008716,0,0,0
0,PAYMENT,550.64,4878147283250231,84.29,-466.35,60-0002402,0,550.64,0
0,TRANSFER,20384.54,4878147283250231,-466.35,-20850.88,4937339368673085,9.67,20394.21,0
0,PAYMENT,495.89,4999282107326646,45.22,45.22,92-0005859,0,0,0
0,PAYMENT,604.1,4567084168325935,62856.29,62252.19,39-0009232,0,604.1,0
0,TRANSFER,18828.03,4567084168325935,62252.19,43424.16,4416191736786879,37425.43,56253.46,1
0,PAYMENT,581.23,4310136325639721,65.89,65.89,63-0001116,0,0,0
0,PAYMENT,576.48,4407324004108135,23.99,-552.49,43-0008708,0,576.48,0
0,TRANSFER,39818.41,4407324004108135,-552.49,-552.49,4347361438177834,46.04,46.04,1
0,PAYMENT,562.58,4742010886161235,25.05,25.05,33-0005925,0,0,0
0,PAYMENT,604.14,4848451106706289,89.07,-515.07,66-0005556,0,604.14,0
0,TRANSFER,17847.4,4848451106706289,-515.07,-18362.47,4109613436784120,26046.83,43894.23,0
0,PAYMENT,511.12,4386514032591451,18.68,-492.44,27-0004476,0,511.12,0
0,TRANSFER,73264.93,4386514032591451,-492.44,-73757.37,4208645494548443,42617.17,115882.1,0
0,PAYMENT,597.58,4333042581710524,11108.3,10510.72,61-0003976,0,597.58,0
0,TRANSFER,25580.6,4333042581710524,10510.72,-15069.88,4147623666849935,89.69,25670.29,1
0,PAYMENT,599.78,4091946625189861,107180.6,106580.82,63-0009711,0,599.78,0
0,TRANSFER,24068.55,4091946625189861,106580.82,82512.27,4873779708523761,57.63,24126.18,1
0,PAYMENT,604.85,4343769039864556,11485.88,10881.02,13-0007332,0,604.85,0
0,TRANSFER,17443.62,4343769039864556,10881.02,10881.02,4222750499683849,699266.42,699266.42,1
0,PAYMENT,606.46,4559797078443593,4444.67,3838.21,40-0005512,0,606.46,0
0,TRANSFER,19621.48,4559797078443593,3838.21,-15783.27,4522357250859217,27.18,19648.66,0
0,PAYMENT,643.51,4554006933084658,30.14,30.14,87-0008034,0,0,0
0,PAYMENT,545.85,4363503381231014,42775.11,42229.26,40-0008006,0,545.85,0
0,TRANSFER,16959.07,4363503381231014,42229.26,25270.19,4710459385330569,52.4,17011.47,1
0,PAYMENT,599.37,4702797717045342,28.77,-570.6,64-0004197,0,599.37,0
0,TRANSFER,28344.29,4702797717045342,-570.6,-28914.89,4888548791648816,103.91,28448.2,0
0,PAYMENT,553.67,4311505353704822,17.99,17.99,24-0002811,0,0,0
0,PAYMENT,574.15,4821839302359997,360378.56,359804.41,12-0008640,0,574.15,0
0,TRANSFER,17023.68,4821839302359997,359804.41,342780.73,4111712303483729,71.75,17095.42,0
0,PAYMENT,575.05,4238465782000369,12.88,12.88,33-0002611,0,0,0
0,PAYMENT,681.33,4925907223061615,615195.77,614514.44,40-0009627,0,681.33,0
0,TRANSFER,89785.46,4925907223061615,614514.44,524728.98,4820600557138184,78.3,89863.76,0
0,PAYMENT,501.75,4390207428356316,54.47,54.47,80-0001226,0,0,0
0,PAYMENT,625.63,4658954744853529,74.83,-550.8,43-0006306,0,625.63,0
0,TRANSFER,19585.15,4658954744853529,-550.8,-20135.95,4728269826836284,14.32,19599.46,0
0,PAYMENT,628.92,4003976525884524,48.56,48.56,02-0002816,0,0,0
0,PAYMENT,538.96,4857132792998418,224145.44,223606.48,10-0005045,0,538.96,0
0,TRANSFER,21103.99,4857132792998418,223606.48,202502.49,4307149271111780,56.84,21160.84,0
0,PAYMENT,608.33,4587820415962186,53.52,53.52,87-0003605,0,0,0
0,PAYMENT,602.25,4380403979982186,42.08,42.08,36-0005278,0,0,0
0,PAYMENT,541.15,4408006711720869,96.99,96.99,99-0006358,0,0,0
0,PAYMENT,539.98,4801790440817442,73.41,73.41,10-0002345,0,0,0
0,PAYMENT,560.47,4394305446434010,0.05,0.05,36-0006059,0,0,0
0,PAYMENT,732.25,4896167283727416,3.53,3.53,50-0003471,594.35,594.35,0
0,PAYMENT,561.96,4817551147511601,41.74,-520.22,72-0004651,0,561.96,0
0,TRANSFER,16932.15,4817551147511601,-520.22,-17452.37,4550847985302520,69.49,17001.64,1
0,PAYMENT,540.54,4110190769565977,210555.88,210015.34,52-0004730,0,540.54,0
0,TRANSFER,16959.07,4110190769565977,210015.34,193056.27,4854802586460410,218524.41,235483.48,1
0,PAYMENT,596.42,4999366995439346,61.13,-535.29,99-0006358,0,596.42,0
0,TRANSFER,16857.65,4999366995439346,-535.29,-17392.94,4446507958399972,5.75,16863.4,0
0,PAYMENT,543.23,4679705778438008,19154.37,18611.15,44-0003171,0,543.23,0
0,TRANSFER,18533.84,4679705778438008,18611.15,77.31,4816682797894152,56.5,18590.34,1
0,PAYMENT,545.85,4976054420589383,6.95,6.95,76-0003207,0,0,0
0,PAYMENT,588.5,4520565619918191,39.57,39.57,55-0007915,0,0,0
0,PAYMENT,570.31,4973299039038503,71.4,-498.9,59-0005784,0,570.31,0
0,TRANSFER,16848.95,4973299039038503,-498.9,-17347.85,4431775034342327,19.53,16868.48,1
0,PAYMENT,597.58,4242084101680662,49.33,-548.24,00-0000522,0,597.58,0
0,TRANSFER,17042.61,4242084101680662,-548.24,-17590.86,4573234058511662,95.73,17138.34,0
0,PAYMENT,610.29,4085406915312150,93.76,93.76,38-0007540,0,0,0
0,PAYMENT,592.71,4647102476702415,404.31,404.31,24-0000883,0,0,0
0,PAYMENT,613.2,4099150166214426,104188.48,103575.28,63-0007688,596.42,1209.62,0
0,TRANSFER,17023.68,4099150166214426,103575.28,86551.61,4557161561325555,36.35,17060.03,1
0,PAYMENT,596.19,4575622928468204,10330.66,9734.47,74-0002929,0,596.19,0
0,TRANSFER,39246.31,4575622928468204,9734.47,9734.47,4854975996825586,12.78,12.78,1
0,PAYMENT,541.79,4269371285167220,-17124.81,-17666.6,62-0003780,607.36,1149.15,0
0,TRANSFER,18533.84,4269371285167220,-17666.6,-17666.6,4243386670673708,6542.92,6542.92,0
0,PAYMENT,581.49,4176229332237689,56.47,56.47,86-0003564,0,0,0
0,PAYMENT,538.96,4912396775913636,46.87,46.87,85-0009687,0,0,0
0,PAYMENT,627.64,4096415859214535,63.27,-564.37,59-0008240,0,627.64,0
0,TRANSFER,24410.43,4096415859214535,-564.37,-24974.8,4940744775334947,5.7,24416.13,0
0,PAYMENT,507.63,4946216395529242,122158.12,121650.49,93-0004638,0,507.63,0
0,TRANSFER,19769.43,4946216395529242,121650.49,101881.06,4130948312008506,78.43,19847.87,1
0,PAYMENT,534.24,4836747901819639,21701.07,21166.83,81-0000775,0,534.24,0
0,TRANSFER,17741.8,4836747901819639,21166.83,3425.03,4403494617512116,106825.48,124567.27,1
0,PAYMENT,607.36,4600197757182191,11.31,11.31,36-0005617,0,0,0
0,PAYMENT,619.38,4259767519651511,48.18,48.18,37-0007245,0,0,0
0,PAYMENT,657,4114311318357221,51,-605.99,88-0004680,0,657,0
0,TRANSFER,16876.34,4114311318357221,-605.99,-17482.33,4355172756894697,11.91,16888.25,0
0,PAYMENT,538.05,4255035167230580,275589.24,275051.19,34-0006216,0,538.05,0
0,TRANSFER,16945.23,4255035167230580,275051.19,258105.96,4293831985401658,17.02,16962.24,0
0,PAYMENT,534.24,4971584447471145,87.35,87.35,26-0002485,0,0,0
0,PAYMENT,876,4088309984967960,43.62,43.62,65-0001730,0,0,0
0,PAYMENT,575.31,4789338829991119,68.66,-506.65,56-0005865,0,575.31,0
0,TRANSFER,19733.6,4789338829991119,-506.65,-20240.25,4327674345227789,270921.74,290655.34,0
0,PAYMENT,596.42,4582513596390062,11.18,11.18,05-0001191,0,0,0
0,PAYMENT,539.98,4447409296956614,58.68,-481.3,54-0007952,0,539.98,0
0,TRANSFER,39319.12,4447409296956614,-481.3,-39800.42,4229502096469269,31.96,39351.08,0
0,PAYMENT,540.54,4461879770350800,541443.79,540903.25,03-0005722,0,540.54,0
0,TRANSFER,17572.83,4461879770350800,540903.25,523330.42,4404723061082443,56.9,17629.73,1
0,PAYMENT,596.16,4488893430580853,-20274.86,-20871.02,81-0004821,0,596.16,0
0,TRANSFER,19952.86,4488893430580853,-20871.02,-40823.88,4002046392641752,355838.86,375791.72,0
0,PAYMENT,601.69,4146879185250192,66.42,66.42,59-0001577,540.54,540.54,0
0,PAYMENT,538.49,4260688799548101,58.21,58.21,91-0007706,0,0,0
0,PAYMENT,547.62,4065706932741909,172513.94,171966.33,05-0000599,0,547.62,0
0,TRANSFER,16908.07,4065706932741909,171966.33,155058.26,4359157837929048,58.11,16966.17,0
0,PAYMENT,620.5,4101856144245144,50.17,-570.33,60-0001317,0,620.5,0
0,TRANSFER,17190.81,4101856144245144,-570.33,-17761.14,4983034240852071,70.64,17261.45,0
0,PAYMENT,575.87,4332046403266210,26.8,26.8,35-0005614,0,0,0
0,PAYMENT,604.85,4752375958066514,58.04,-546.82,74-0002923,0,604.85,0
0,TRANSFER,16959.07,4752375958066514,-546.82,-17505.89,4602143387416177,21.63,16980.7,0
0,PAYMENT,575.34,4052452430844623,22.23,22.23,36-0007755,0,0,0
0,PAYMENT,553.88,4919512946673692,49.3,-504.58,99-0002309,0,553.88,0
0,TRANSFER,39610.37,4919512946673692,-504.58,-504.58,4596939303611728,2.07,2.07,0
0,PAYMENT,534.48,4808998462878241,22.93,22.93,21-0009470,0,0,0
0,PAYMENT,601.69,4690759466850268,99605.58,99003.89,55-0006485,0,601.69,0
0,TRANSFER,17341.61,4690759466850268,99003.89,81662.28,4945668422882260,65.5,17407.1,1
0,PAYMENT,545.95,4648581903046224,0,0,32-0009613,0,0,0
0,PAYMENT,603.46,4858553864588838,-27769.75,-28373.21,13-0006161,0,603.46,0
0,TRANSFER,31001.56,4858553864588838,-28373.21,-59374.78,4124692301521966,68.36,31069.92,0
0,PAYMENT,581.23,4845206990372868,33637.48,33056.25,88-0003220,0,581.23,0
0,TRANSFER,17190.81,4845206990372868,33056.25,15865.44,4303110278138808,50.29,17241.1,1
0,PAYMENT,538.05,4617489403827522,64.89,-473.16,50-0005299,0,538.05,0
0,TRANSFER,73940.97,4617489403827522,-473.16,-74414.13,4303656985945190,6.05,73947.02,0
0,PAYMENT,784.66,4647409181517180,27997.45,27212.79,42-0002181,656.91,1441.58,0
0,TRANSFER,39726.88,4647409181517180,27212.79,27212.79,4656086764310122,10282,10282,1
0,PAYMENT,619.38,4889603928785814,98.48,98.48,94-0002491,0,0,0
0,PAYMENT,1126.14,4787985422543374,0,0,93-0007754,0,0,0
0,PAYMENT,575.34,4836080092580962,64.52,64.52,84-0001928,0,0,0
0,PAYMENT,876,4496712063785466,10762.37,9886.37,84-0001567,1188.43,2064.43,0
0,TRANSFER,16896.95,4496712063785466,9886.37,9886.37,4558472673563861,84.8,84.8,1
0,PAYMENT,538.49,4540130887380123,67.71,-470.78,76-0008665,0,538.49,0
0,TRANSFER,16832.67,4540130887380123,-470.78,-17303.45,4021892610762624,89.67,16922.33,1
0,PAYMENT,538.96,4263761015917579,2.95,-536.01,94-0002640,0,538.96,0
0,TRANSFER,17259.03,4263761015917579,-536.01,-17795.04,4001936848777971,89.95,17348.98,0
0,PAYMENT,603.46,4881325852617486,68.86,68.86,59-0001377,0,0,0
0,PAYMENT,730,4755965086738682,10480.44,9750.45,99-0005019,0,730,0
0,TRANSFER,23612.7,4755965086738682,9750.45,9750.45,4436988214512024,5.23,5.23,1
0,PAYMENT,557.82,4680689108940437,1.87,1.87,54-0007031,0,0,0
0,PAYMENT,622.93,4850171859694947,52500.99,51878.06,60-0000935,0,622.93,0
0,TRANSFER,16989.35,4850171859694947,51878.06,34888.7,4778588700592971,43543.73,60533.09,1
0,PAYMENT,534.48,4765442668492482,77.93,77.93,30-0008261,0,0,0
0,PAYMENT,1126.14,4668920094614538,87.48,87.48,23-0000906,0,0,0
0,PAYMENT,700.8,4007169205034489,87.43,-613.36,62-0008515,0,700.8,0
0,TRANSFER,38370.89,4007169205034489,-613.36,-613.36,4292650891976772,27.23,27.23,1
0,PAYMENT,600.22,4424228715276520,13981.72,13381.5,86-0004010,0,600.22,0
0,TRANSFER,19824.96,4424228715276520,13381.5,13381.5,4352908494553647,183137.58,183137.58,1
0,PAYMENT,581.23,4712033179964657,37.88,37.88,85-0009080,0,0,0
0,PAYMENT,778.66,4621654090253910,58248.21,57469.54,20-0008462,0,778.66,0
0,TRANSFER,16932.15,4621654090253910,57469.54,40537.39,4120325467293922,1617.88,18550.03,1
0,PAYMENT,606.46,4292936864237064,71.15,71.15,22-0002427,0,0,0
0,PAYMENT,545.95,4104232156824886,40.38,40.38,98-0000948,0,0,0
0,PAYMENT,515.91,4352854942580602,35.94,35.94,23-0000472,0,0,0
0,PAYMENT,602.25,4009570996253402,23.45,23.45,61-0002173,0,0,0
0,PAYMENT,550.64,4410348846947710,11779.7,11229.06,52-0008115,0,550.64,0
0,TRANSFER,23595.46,4410348846947710,11229.06,-12366.39,4125029114580849,128048.66,151644.11,0
0,PAYMENT,563.35,4834533033807417,86.39,86.39,85-0006112,0,0,0
0,PAYMENT,540.54,4489719931003724,54.85,54.85,67-0003736,0,0,0
0,PAYMENT,637.09,4196386194040548,171.25,171.25,94-0007218,0,0,0
0,PAYMENT,606.38,4163744857274383,36.51,36.51,61-0003412,0,0,0
0,PAYMENT,598.26,4465642844919638,7466.13,6867.86,50-0009474,0,598.26,0
0,TRANSFER,16908.07,4465642844919638,6867.86,-10040.2,4016718802321571,162029.74,178937.8,1
0,PAYMENT,599.37,4598799280090603,70.15,-529.22,37-0001442,0,599.37,0
0,TRANSFER,16804.02,4598799280090603,-529.22,-17333.23,4529061657852410,10509.68,27313.69,1
0,PAYMENT,539.45,4029826789138465,70510.56,69971.1,98-0000568,0,539.45,0
0,TRANSFER,17741.8,4029826789138465,69971.1,52229.3,4322642202784965,152.03,17893.83,1
0,PAYMENT,511.12,4547453652952238,24.14,24.14,13-0009634,0,0,0
0,PAYMENT,643.51,4091825472105081,190200.81,189557.3,25-0000605,0,643.51,0
0,TRANSFER,17133.51,4091825472105081,189557.3,172423.8,4469470772080215,37513.43,54646.93,1
0,PAYMENT,529.7,4713321529891673,20891.05,20361.35,57-0005570,0,529.7,0
0,TRANSFER,23981.81,4713321529891673,20361.35,-3620.46,4072816020344895,29594.74,53576.55,0
0,PAYMENT,550.64,4596245575041564,73.32,-477.32,27-0003825,0,550.64,0
0,TRANSFER,21103.99,4596245575041564,-477.32,-21581.31,4196951216444000,91.86,21195.85,1
0,PAYMENT,497.12,4999365962150167,15832.62,15335.5,62-0002899,0,497.12,0
0,TRANSFER,20464.48,4999365962150167,15335.5,15335.5,4280300466195572,57.75,57.75,1
0,PAYMENT,625.71,4945169611607576,72.47,72.47,03-0003325,675.68,675.68,0
0,PAYMENT,534.73,4205018662536256,92.07,-442.66,67-0002735,0,534.73,0
0,TRANSFER,29525.3,4205018662536256,-442.66,-442.66,4779029331215855,36602.06,36602.06,0
0,PAYMENT,502.9,4327909824718860,45216.07,44713.16,37-0002954,0,502.9,0
0,TRANSFER,24068.55,4327909824718860,44713.16,20644.62,4526288845411105,43.02,24111.57,1
0,PAYMENT,576.8,4892876013006123,10.2,10.2,51-0005518,0,0,0
0,PAYMENT,548.02,4392387786798115,67870.92,67322.9,04-0005639,0,548.02,0
0,TRANSFER,17389.78,4392387786798115,67322.9,49933.12,4412228185067130,89.11,17478.89,1
0,PAYMENT,547.01,4875156002560948,412837.49,412290.48,12-0003211,0,547.01,0
0,TRANSFER,23981.81,4875156002560948,412290.48,388308.67,4147885906712757,117.41,24099.22,1
0,PAYMENT,641.5,4382520081413541,5.2,-636.29,46-0003623,681.33,1322.83,0
0,TRANSFER,19569.16,4382520081413541,-636.29,-20205.45,4995851916870517,14.37,19583.52,0
0,PAYMENT,667.43,4054215893645789,381199.9,380532.47,00-0001380,0,667.43,0
0,TRANSFER,16908.07,4054215893645789,380532.47,363624.41,4406801236866755,22.89,16930.96,1
0,PAYMENT,561.31,4182199767122536,1.19,1.19,64-0003017,0,0,0
0,PAYMENT,578.71,4605412483501308,86.31,86.31,82-0009990,0,0,0
0,PAYMENT,593.98,4251822106706232,80.59,-513.39,35-0008271,563.35,1157.32,0
0,TRANSFER,32949.05,4251822106706232,-513.39,-33462.44,4375220389756928,88.99,33038.04,1
0,PAYMENT,599.78,4625956061888285,-17738.53,-18338.31,60-0003697,0,599.78,0
0,TRANSFER,24711.79,4625956061888285,-18338.31,-43050.1,4367720832848644,51405.51,76117.3,0
0,PAYMENT,583.18,4206057475801530,82.19,82.19,62-0004144,0,0,0
0,PAYMENT,555.8,4866943470631595,54491.33,53935.53,54-0003983,0,555.8,0
0,TRANSFER,16848.95,4866943470631595,53935.53,37086.59,4916967552200516,0.18,16849.12,1
0,PAYMENT,495.89,4255161301854901,39279.89,38784,71-0007408,505.79,1001.68,0
0,TRANSFER,24068.55,4255161301854901,38784,14715.45,4026913127033245,4.71,24073.26,1
0,PAYMENT,610.54,4491571216082550,51394.63,50784.09,71-0005306,0,610.54,0
0,TRANSFER,17572.83,4491571216082550,50784.09,33211.26,4108914677370780,254211.98,271784.81,0
0,PAYMENT,496.35,4521453888625376,84.21,84.21,23-0005936,0,0,0
0,PAYMENT,597.84,4037039252256018,69.8,-528.03,33-0005165,0,597.84,0
0,TRANSFER,39229.96,4037039252256018,-528.03,-39758,4076731856574760,6.59,39236.56,0
0,PAYMENT,544.9,4019381303509850,2858.02,2313.12,84-0005016,0,544.9,0
0,TRANSFER,16840.63,4019381303509850,2313.12,2313.12,4876066519209633,1.25,1.25,1
0,PAYMENT,597.84,4485760139521012,62.39,-535.45,61-0004832,0,597.84,0
0,TRANSFER,17042.61,4485760139521012,-535.45,-17578.06,4252387972009896,46.3,17088.92,0
0,PAYMENT,604.1,4666457163789562,36.59,-567.51,51-0003629,0,604.1,0
0,TRANSFER,16848.95,4666457163789562,-567.51,-17416.46,4878357962902446,401510.15,418359.09,0
0,PAYMENT,603.46,4172522244888340,170481.15,169877.69,62-0006861,0,603.46,0
0,TRANSFER,79011.21,4172522244888340,169877.69,90866.48,4212342422249179,90.9,79102.11,1
0,PAYMENT,548.02,4501868121527580,43.17,43.17,14-0001755,0,0,0
0,PAYMENT,564.88,4057688890519057,52943.71,52378.83,48-0000651,0,564.88,0
0,TRANSFER,19621.48,4057688890519057,52378.83,32757.35,4964758517779673,1454.99,21076.47,0
0,PAYMENT,541.15,4115224693092231,47.52,47.52,15-0007950,0,0,0
0,PAYMENT,581.49,4135983971364432,20575.23,19993.74,57-0005590,0,581.49,0
0,TRANSFER,28778.17,4135983971364432,19993.74,-8784.43,4671179214188296,80.29,28858.46,0
0,PAYMENT,533.57,4442758195478111,40.05,40.05,56-0005976,0,0,0
0,PAYMENT,553.88,4154887518200858,8.54,8.54,77-0005335,0,0,0
0,PAYMENT,529.7,4024727502351184,49.13,49.13,63-0004061,0,0,0
0,PAYMENT,541.15,4428576888375081,94.68,-446.47,33-0006728,0,541.15,0
0,TRANSFER,28233.57,4428576888375081,-446.47,-28680.03,4482682390391112,70.49,28304.06,1
0,PAYMENT,620.5,4865519032203528,39.37,39.37,33-0006455,0,0,0
0,PAYMENT,700.8,4793100719772155,238.3,-462.49,83-0001227,538.05,1238.85,0
0,TRANSFER,25271.98,4793100719772155,-462.49,-462.49,4565607370432891,15.88,15.88,0
0,PAYMENT,653.88,4856127845594660,20720.04,20066.16,00-0000522,597.58,1251.46,0
0,TRANSFER,40276.1,4856127845594660,20066.16,20066.16,4182992865688063,67.46,67.46,1
0,PAYMENT,596.69,4463571365952193,70.33,70.33,81-0004524,0,0,0
0,PAYMENT,496.6,4960967464818194,85.04,85.04,60-0006085,0,0,0
0,PAYMENT,583.51,4445287431407335,77913.43,77329.92,99-0000629,0,583.51,0
0,TRANSFER,20464.48,4445287431407335,77329.92,56865.44,4299608774239059,166556.47,187020.95,1
0,PAYMENT,592.71,4433621126893645,32028.05,31435.35,21-0000554,0,592.71,0
0,TRANSFER,22383.02,4433621126893645,31435.35,9052.33,4480486287821856,14751.54,37134.56,1
0,PAYMENT,544.9,4156343494287335,49679.97,49135.07,44-0008677,0,544.9,0
0,TRANSFER,25063.12,4156343494287335,49135.07,24071.95,4578894855011821,27.31,25090.43,0
0,PAYMENT,542.48,4146960847762079,49.89,-492.59,83-0000284,0,542.48,0
0,TRANSFER,16973.75,4146960847762079,-492.59,-17466.34,4548290056678996,30202.97,47176.72,0
0,PAYMENT,607.36,4323138265411132,95899.54,95292.18,50-0009474,598.26,1205.62,0
0,TRANSFER,16876.34,4323138265411132,95292.18,78415.84,4054451674404142,4.55,16880.89,1
0,PAYMENT,543.23,4946253466620980,43.42,-499.8,05-0006686,0,543.23,0
0,TRANSFER,19749.73,4946253466620980,-499.8,-20249.53,4063662698677211,82.94,19832.66,0
0,PAYMENT,592.71,4233757213994011,59.55,59.55,88-0009832,574.56,574.56,0
0,PAYMENT,618.35,4973124870380311,56.42,56.42,67-0003569,0,0,0
0,PAYMENT,609.99,4028142403832033,168437.62,167827.63,44-0002983,0,609.99,0
0,TRANSFER,17190.81,4028142403832033,167827.63,150636.82,4398307713908847,63.78,17254.59,1
0,PAYMENT,545.85,4505185952842327,111859.15,111313.3,62-0000712,0,545.85,0
0,TRANSFER,19576.99,4505185952842327,111313.3,91736.31,4960622878172825,105801.47,125378.46,1
0,PAYMENT,595.68,4888065655602896,34.56,-561.11,01-0009008,0,595.68,0
0,TRANSFER,17133.51,4888065655602896,-561.11,-17694.62,4541124497213724,61616.77,78750.27,0
0,PAYMENT,591.22,4648829076810748,42.74,42.74,43-0000339,0,0,0
0,PAYMENT,561.39,4485618261244334,106162.64,105601.25,32-0000473,0,561.39,0
0,TRANSFER,17023.68,4485618261244334,105601.25,88577.58,4951157795035400,130963.57,147987.25,1
0,PAYMENT,560.87,4367857195111911,77.82,77.82,82-0008197,0,0,0
0,PAYMENT,495.47,4010552096364161,81.83,-413.64,72-0004680,0,495.47,0
0,TRANSFER,20195.21,4010552096364161,-413.64,-20608.85,4600776346300024,54.79,20250,0
0,PAYMENT,579.16,4396501045792596,24214.68,23635.52,55-0003159,0,579.16,0
0,TRANSFER,16848.95,4396501045792596,23635.52,6786.57,4592904903389517,22.87,16871.81,1
0,PAYMENT,535,4064770294459758,56443.9,55908.9,87-0006938,0,535,0
0,TRANSFER,32949.05,4064770294459758,55908.9,22959.85,4907816563798771,216732.39,249681.44,1
0,PAYMENT,681.33,4713820291298926,54.59,-626.74,52-0009257,0,681.33,0
0,TRANSFER,21317.16,4713820291298926,-626.74,-21943.9,4819475805656599,82.82,21399.99,0
0,PAYMENT,548.02,4794176336203211,23700.01,23151.99,66-0007000,0,548.02,0
0,TRANSFER,16908.07,4794176336203211,23151.99,6243.92,4790429886000550,67.35,16975.41,1
0,PAYMENT,703.84,4342745592529209,0,0,45-0006546,0,0,0
0,PAYMENT,606.46,4900356001279206,21.21,21.21,33-0003213,0,0,0
0,PAYMENT,555.8,4335230456663914,8128.32,7572.52,86-0000191,0,555.8,0
0,TRANSFER,24711.79,4335230456663914,7572.52,7572.52,4885451101023064,5075.09,5075.09,1
0,PAYMENT,604.14,4357992757657266,73.84,73.84,87-0006938,535,535,0
0,PAYMENT,553.67,4380970402990986,85.9,85.9,48-0001813,0,0,0
0,PAYMENT,552.4,4296473313223954,72.68,72.68,83-0008291,0,0,0
0,PAYMENT,586.53,4004404986285734,59.89,59.89,77-0001744,0,0,0
0,PAYMENT,599.78,4667434622418975,0.4,0.4,72-0009078,0,0,0
0,PAYMENT,536.52,4911936406557822,16.71,16.71,67-0003277,0,0,0
0,PAYMENT,610.29,4534051918872649,26481.14,25870.85,84-0005680,0,610.29,0
0,TRANSFER,23630.94,4534051918872649,25870.85,2239.91,4989405136467717,42.82,23673.76,0
0,PAYMENT,575.87,4645745570703390,205926.65,205350.78,38-0009432,0,575.87,0
0,TRANSFER,20593.16,4645745570703390,205350.78,184757.62,4143142592476493,9382.17,29975.33,0
0,PAYMENT,750.76,4655532776523930,73.08,73.08,35-0007950,0,0,0
0,PAYMENT,598.6,4973124870380311,56.42,56.42,82-0000982,0,0,0
0,PAYMENT,585.59,4733419961126362,62942.99,62357.4,22-0005014,0,585.59,0
0,TRANSFER,17651.28,4733419961126362,62357.4,44706.12,4488426920222957,350161.92,367813.2,0
0,PAYMENT,535.87,4266180222649288,333760.5,333224.63,35-0001330,0,535.87,0
0,TRANSFER,20019.6,4266180222649288,333224.63,313205.03,4769562067482085,105622.36,125641.95,1
0,PAYMENT,538.96,4077008097396538,63.84,-475.12,85-0000497,0,538.96,0
0,TRANSFER,18121.98,4077008097396538,-475.12,-18597.09,4547648099775437,47.24,18169.22,1
0,PAYMENT,600.22,4427190529792034,20.68,20.68,44-0001862,0,0,0
0,PAYMENT,534.73,4548444838233733,341617.6,341082.86,88-0005297,0,534.73,0
0,TRANSFER,16896.95,4548444838233733,341082.86,324185.91,4282509424642255,5.98,16902.93,0
0,PAYMENT,597.27,4782053735761558,381139.61,380542.34,22-0003988,1167.93,1765.2,0
0,TRANSFER,75248.77,4782053735761558,380542.34,305293.57,4197271833066378,67.9,75316.67,1
0,PAYMENT,591.22,4989081778133378,0.54,-590.68,20-0008334,0,591.22,0
0,TRANSFER,19824.96,4989081778133378,-590.68,-20415.64,4934983936497817,29.8,19854.76,0
0,PAYMENT,606.46,4272038757439735,29.29,29.29,39-0003712,0,0,0
0,PAYMENT,603.46,4365083650488395,300442.47,299839.01,71-0001276,0,603.46,0
0,TRANSFER,18121.98,4365083650488395,299839.01,281717.03,4898308052550260,11.16,18133.14,1
0,PAYMENT,570.31,4891661906344570,90.66,-479.65,83-0007497,0,570.31,0
0,TRANSFER,19642.24,4891661906344570,-479.65,-20121.9,4682773814246475,94088.35,113730.59,0
0,PAYMENT,561.31,4666743708903028,87.48,87.48,00-0007001,0,0,0
0,PAYMENT,549.85,4437319252986459,67.06,67.06,44-0009256,0,0,0
0,PAYMENT,700.8,4620546378563344,27453.98,26753.18,86-0003494,0,700.8,0
0,TRANSFER,17133.51,4620546378563344,26753.18,9619.67,4960963910804110,105729.81,122863.32,1
0,PAYMENT,625.71,4515774767318181,265199.31,264573.6,33-0000025,0,625.71,0
0,TRANSFER,43251.04,4515774767318181,264573.6,221322.56,4903097916236827,82.72,43333.76,1
0,PAYMENT,637.09,4193738498780521,48.38,-588.71,60-0007746,0,637.09,0
0,TRANSFER,20929.58,4193738498780521,-588.71,-21518.29,4792416214427652,5519.87,26449.45,0
0,PAYMENT,599.78,4109822878096428,22.49,22.49,93-0006805,0,0,0
0,PAYMENT,545.85,4591635347008401,87.38,87.38,75-0002965,0,0,0
0,PAYMENT,596.69,4180272856684245,297161.84,296565.15,39-0003157,533.78,1130.48,0
0,TRANSFER,18828.03,4180272856684245,296565.15,277737.12,4471247976689827,81.41,18909.44,0
0,PAYMENT,605.63,4806131167925537,-18093.97,-18699.59,46-0004567,0,605.63,0
0,TRANSFER,16866.78,4806131167925537,-18699.59,-18699.59,4915567039864792,57.76,57.76,0
0,PAYMENT,613.2,4492040936122400,25.92,25.92,43-0003131,0,0,0
0,PAYMENT,597.58,4505318480951860,31332.54,30734.97,65-0000376,0,597.58,0
0,TRANSFER,16810.74,4505318480951860,30734.97,13924.23,4227209072830793,95.24,16905.98,1
